{"ip":0,"fr":60,"v":"5.1.20","assets":[],"layers":[{"ty":4,"nm":"0","ip":0,"st":0,"ind":7,"hix":2,"ks":{"o":{"a":1,"k":[{"t":0,"s":[0],"e":[0],"i":{"x":[1],"y":[1]},"o":{"x":[0],"y":[0]}},{"t":239,"s":[0],"e":[100],"i":{"x":[0.515],"y":[0.955]},"o":{"x":[0.455],"y":[0.03]}},{"t":300}]},"or":{"a":0,"k":[0,0,0]},"a":{"a":0,"k":[104,146,0]},"p":{"s":true,"x":{"a":0,"k":489.99999999999994},"y":{"a":1,"k":[{"t":0,"s":[0],"e":[0],"i":{"x":[1],"y":[1]},"o":{"x":[0],"y":[0]}},{"t":239,"s":[0],"e":[500],"i":{"x":[0.515],"y":[0.955]},"o":{"x":[0.455],"y":[0.03]}},{"t":300}]}},"rx":{"a":0,"k":0},"ry":{"a":0,"k":0},"rz":{"a":0,"k":0},"s":{"a":0,"k":[100,100,100]}},"shapes":[{"ty":"gr","nm":"0 shape group","it":[{"ty":"sh","ks":{"a":0,"k":{"c":true,"v":[[103.6,292],[207.592,146.098],[207.592,145.706],[103.6,0],[0,145.706],[0,146.098]],"i":[[-65.01919999999998,0],[0,89.695],[0,0],[65.02000000000001,0],[0,-89.69529999999999],[0,0]],"o":[[65.02000000000001,0],[0,0],[0,-89.69529999999999],[-65.01919999999998,0],[0,0],[0,89.695]]}}},{"ty":"sh","ks":{"a":0,"k":{"c":true,"v":[[103.6,261.253],[35.4474,146.098],[35.4474,145.706],[103.6,30.943],[172.145,145.706],[172.145,146.098]],"i":[[43.08500000000001,0],[0,70.89499999999998],[0,0],[-43.0849,0],[0,-70.8945],[0,0]],"o":[[-43.0849,0],[0,0],[0,-70.8945],[43.08500000000001,0],[0,0],[0,70.89499999999998]]}}},{"ty":"st","o":{"a":0,"k":0},"w":{"a":0,"k":0},"c":{"a":0,"k":[0,0,0,0]},"lc":3,"lj":1,"ml":1},{"ty":"fl","o":{"a":0,"k":100},"r":1,"c":{"a":0,"k":[0.9215686274509803,0.25882352941176473,0.1450980392156863,1]}},{"ty":"tr","o":{"a":0,"k":100},"a":{"a":0,"k":[0,0]},"s":{"a":0,"k":[100,100]},"p":{"a":0,"k":[0,0]},"r":{"a":0,"k":0}}]}],"op":300},{"ty":4,"nm":"1","ip":0,"st":0,"ind":6,"hix":3,"ks":{"o":{"a":1,"k":[{"t":0,"s":[0],"e":[0],"i":{"x":[1],"y":[1]},"o":{"x":[0],"y":[0]}},{"t":121,"s":[0],"e":[0],"i":{"x":[1],"y":[1]},"o":{"x":[0],"y":[0]}},{"t":180,"s":[0],"e":[100],"i":{"x":[0.515],"y":[0.955]},"o":{"x":[0.455],"y":[0.03]}},{"t":240,"s":[100],"e":[100],"i":{"x":[0.515],"y":[0.955]},"o":{"x":[0.455],"y":[0.03]}},{"t":300}]},"or":{"a":0,"k":[0,0,0]},"a":{"a":0,"k":[55,141,0]},"p":{"s":true,"x":{"a":0,"k":474.025},"y":{"a":1,"k":[{"t":0,"s":[0],"e":[0],"i":{"x":[1],"y":[1]},"o":{"x":[0],"y":[0]}},{"t":121,"s":[0],"e":[0],"i":{"x":[1],"y":[1]},"o":{"x":[0],"y":[0]}},{"t":180,"s":[0],"e":[500],"i":{"x":[0.515],"y":[0.955]},"o":{"x":[0.455],"y":[0.03]}},{"t":240,"s":[500],"e":[1145],"i":{"x":[0.515],"y":[0.955]},"o":{"x":[0.455],"y":[0.03]}},{"t":300}]}},"rx":{"a":0,"k":0},"ry":{"a":0,"k":0},"rz":{"a":0,"k":0},"s":{"a":0,"k":[100,100,100]}},"shapes":[{"ty":"gr","nm":"1 shape group","it":[{"ty":"sh","ks":{"a":0,"k":{"c":true,"v":[[75.4345,282],[109.439,282],[109.439,0],[75.0437,0],[0,53.9376],[0,89.3098],[74.6528,37.3264],[75.4345,37.3264]],"i":[[0,0],[0,0],[0,0],[0,0],[0,0],[0,0],[0,0],[0,0]],"o":[[0,0],[0,0],[0,0],[0,0],[0,0],[0,0],[0,0],[0,0]]}}},{"ty":"st","o":{"a":0,"k":0},"w":{"a":0,"k":0},"c":{"a":0,"k":[0,0,0,0]},"lc":3,"lj":1,"ml":1},{"ty":"fl","o":{"a":0,"k":100},"r":1,"c":{"a":0,"k":[0.9215686274509803,0.25882352941176473,0.1450980392156863,1]}},{"ty":"tr","o":{"a":0,"k":100},"a":{"a":0,"k":[0,0]},"s":{"a":0,"k":[100,100]},"p":{"a":0,"k":[0,0]},"r":{"a":0,"k":0}}]}],"op":300},{"ty":4,"nm":"2","ip":0,"st":0,"ind":5,"hix":4,"ks":{"o":{"a":1,"k":[{"t":0,"s":[0],"e":[0],"i":{"x":[1],"y":[1]},"o":{"x":[0],"y":[0]}},{"t":61,"s":[0],"e":[0],"i":{"x":[1],"y":[1]},"o":{"x":[0],"y":[0]}},{"t":121,"s":[0],"e":[100],"i":{"x":[0.515],"y":[0.955]},"o":{"x":[0.455],"y":[0.03]}},{"t":180,"s":[100],"e":[0],"i":{"x":[0.515],"y":[0.955]},"o":{"x":[0.455],"y":[0.03]}},{"t":240}]},"or":{"a":0,"k":[0,0,0]},"a":{"a":0,"k":[94,143.5,0]},"p":{"s":true,"x":{"a":0,"k":489.99999999999994},"y":{"a":1,"k":[{"t":0,"s":[0],"e":[0],"i":{"x":[1],"y":[1]},"o":{"x":[0],"y":[0]}},{"t":60,"s":[0],"e":[0],"i":{"x":[1],"y":[1]},"o":{"x":[0],"y":[0]}},{"t":121,"s":[0],"e":[500],"i":{"x":[0.515],"y":[0.955]},"o":{"x":[0.455],"y":[0.03]}},{"t":180,"s":[500],"e":[1145],"i":{"x":[0.515],"y":[0.955]},"o":{"x":[0.455],"y":[0.03]}},{"t":240}]}},"rx":{"a":0,"k":0},"ry":{"a":0,"k":0},"rz":{"a":0,"k":0},"s":{"a":0,"k":[100,100,100]}},"shapes":[{"ty":"gr","nm":"2 shape group","it":[{"ty":"sh","ks":{"a":0,"k":{"c":true,"v":[[1.76067,286.989],[188,286.989],[188,255.688],[50.0812,255.688],[50.0812,254.905],[117.182,186.044],[183.305,78.8387],[183.305,78.4475],[94.8803,0],[0,85.0989],[0,86.2726],[34.0395,86.2726],[34.0395,85.2945],[95.4672,30.7138],[148.092,80.2081],[148.092,80.5994],[101.14,159.047],[1.76067,262.73]],"i":[[0,0],[0,0],[0,0],[0,0],[0,0],[0,0],[0,30.9093],[0,0],[51.05969999999999,0],[0,-48.9074],[0,0],[0,0],[0,0],[-35.213300000000004,0],[-0.19600000000002638,-28.7575],[0,0],[38.14800000000001,-39.712999999999994],[0,0]],"o":[[0,0],[0,0],[0,0],[0,0],[0,0],[51.842,-53.01600000000002],[0,0],[0,-44.212300000000006],[-52.624300000000005,0],[0,0],[0,0],[0,0],[0,-30.3226],[30.713799999999992,0],[0,0],[0,23.4756],[0,0],[0,0]]}}},{"ty":"st","o":{"a":0,"k":0},"w":{"a":0,"k":0},"c":{"a":0,"k":[0,0,0,0]},"lc":3,"lj":1,"ml":1},{"ty":"fl","o":{"a":0,"k":100},"r":1,"c":{"a":1,"k":[{"t":0,"s":[0.9215686274509803,0.25882352941176473,0.1450980392156863,1],"e":[0.9882352941176471,0.5843137254901961,0.050980392156862744,1],"i":{"x":[0.515],"y":[0.955]},"o":{"x":[0.455],"y":[0.03]}},{"t":180}]}},{"ty":"tr","o":{"a":0,"k":100},"a":{"a":0,"k":[0,0]},"s":{"a":0,"k":[100,100]},"p":{"a":0,"k":[0,0]},"r":{"a":0,"k":0}}]}],"op":300},{"ty":4,"nm":"3","ip":0,"st":0,"ind":4,"hix":5,"ks":{"o":{"a":1,"k":[{"t":0,"s":[0],"e":[0],"i":{"x":[0.515],"y":[0.955]},"o":{"x":[0.455],"y":[0.03]}},{"t":60,"s":[0],"e":[100],"i":{"x":[0.515],"y":[0.955]},"o":{"x":[0.455],"y":[0.03]}},{"t":120,"s":[100],"e":[0],"i":{"x":[0.515],"y":[0.955]},"o":{"x":[0.455],"y":[0.03]}},{"t":180}]},"or":{"a":0,"k":[0,0,0]},"a":{"a":0,"k":[99,146,0]},"p":{"s":true,"x":{"a":1,"k":[{"t":0,"s":[489.99999999999994],"e":[489.99999999999994],"i":{"x":[1],"y":[1]},"o":{"x":[0],"y":[0]}},{"t":60,"s":[489.99999999999994],"e":[489.99999999999994],"i":{"x":[1],"y":[1]},"o":{"x":[0],"y":[0]}},{"t":120}]},"y":{"a":1,"k":[{"t":0,"s":[0],"e":[0],"i":{"x":[0.515],"y":[0.955]},"o":{"x":[0.455],"y":[0.03]}},{"t":60,"s":[0],"e":[500],"i":{"x":[0.515],"y":[0.955]},"o":{"x":[0.455],"y":[0.03]}},{"t":120,"s":[500],"e":[1145],"i":{"x":[0.515],"y":[0.955]},"o":{"x":[0.455],"y":[0.03]}},{"t":180}]}},"rx":{"a":0,"k":0},"ry":{"a":0,"k":0},"rz":{"a":0,"k":0},"s":{"a":0,"k":[100,100,100]}},"shapes":[{"ty":"gr","nm":"3 shape group","it":[{"ty":"sh","ks":{"a":0,"k":{"c":true,"v":[[99.9783,291.717],[198,209.739],[198,209.348],[128.935,140.087],[128.935,139.304],[188.804,73.1739],[188.804,72.7826],[99.587,0],[5.86957,76.6957],[5.67391,78.6522],[39.5217,78.6522],[39.7174,76.6957],[99.587,30.5217],[153.391,77.087],[153.391,77.4783],[96.2609,126.391],[62.413,126.391],[62.413,156.13],[97.8261,156.13],[162.196,210.13],[162.196,210.522],[99.9783,261.196],[34.0435,214.239],[33.8478,212.283],[0,212.283],[0.195652,214.63]],"i":[[-58.3044,0],[0,47.152000000000015],[0,0],[41.08699999999999,3.52200000000002],[0,0],[0,34.8261],[0,0],[53.80399999999999,0],[4.50003,-45.978300000000004],[0,0],[0,0],[0,0],[-33.26090000000001,0],[0,-29.5435],[0,0],[33.652100000000004,0],[0,0],[0,0],[0,0],[0,-34.629999999999995],[0,0],[36.97869999999999,0],[2.9347999999999956,27.782999999999987],[0,0],[0,0],[0,0]],"o":[[56.54369999999999,0],[0,0],[0,-40.10900000000001],[0,0],[35.216999999999985,-7.4339999999999975],[0,0],[0,-42.84780000000001],[-52.826100000000004,0],[0,0],[0,0],[0,0],[2.9348000000000027,-28.5653],[34.43499999999999,0],[0,0],[0,28.173699999999997],[0,0],[0,0],[0,0],[39.52190000000002,0],[0,0],[0,29.935000000000002],[-37.56530000000001,0],[0,0],[0,0],[0,0],[3.717388,44.60899999999998]]}}},{"ty":"st","o":{"a":0,"k":0},"w":{"a":0,"k":0},"c":{"a":0,"k":[0,0,0,0]},"lc":3,"lj":1,"ml":1},{"ty":"fl","o":{"a":0,"k":100},"r":1,"c":{"a":1,"k":[{"t":0,"s":[0.2980392156862745,0.2980392156862745,0.2980392156862745,1],"e":[0.9450980392156862,0.596078431372549,0.07058823529411765,1],"i":{"x":[0.515],"y":[0.955]},"o":{"x":[0.455],"y":[0.03]}},{"t":120}]}},{"ty":"tr","o":{"a":0,"k":100},"a":{"a":0,"k":[0,0]},"s":{"a":0,"k":[100,100]},"p":{"a":0,"k":[0,0]},"r":{"a":0,"k":0}}]}],"op":300},{"ty":4,"nm":"4","ip":0,"st":0,"ind":3,"hix":6,"ks":{"o":{"a":1,"k":[{"t":0,"s":[0],"e":[100],"i":{"x":[0.515],"y":[0.955]},"o":{"x":[0.455],"y":[0.03]}},{"t":60,"s":[100],"e":[0],"i":{"x":[0.515],"y":[0.955]},"o":{"x":[0.455],"y":[0.03]}},{"t":120}]},"or":{"a":0,"k":[0,0,0]},"a":{"a":0,"k":[108,141,0]},"p":{"s":true,"x":{"a":1,"k":[{"t":0,"s":[489.99999999999994],"e":[489.99999999999994],"i":{"x":[0.515],"y":[0.955]},"o":{"x":[0.455],"y":[0.03]}},{"t":60,"s":[489.99999999999994],"e":[489.99999999999994],"i":{"x":[1],"y":[1]},"o":{"x":[0],"y":[0]}},{"t":120}]},"y":{"a":1,"k":[{"t":0,"s":[0],"e":[500],"i":{"x":[0.515],"y":[0.955]},"o":{"x":[0.455],"y":[0.03]}},{"t":60,"s":[500],"e":[1145],"i":{"x":[0.515],"y":[0.955]},"o":{"x":[0.455],"y":[0.03]}},{"t":120}]}},"rx":{"a":0,"k":0},"ry":{"a":0,"k":0},"rz":{"a":0,"k":0},"s":{"a":0,"k":[100,100,100]}},"shapes":[{"ty":"gr","nm":"4 shape group","it":[{"ty":"sh","ks":{"a":0,"k":{"c":true,"v":[[141.684,282],[175.688,282],[175.688,223.372],[215.555,223.372],[215.555,192.495],[175.688,192.495],[175.688,0],[123.705,0],[0,191.518],[0,223.372],[141.684,223.372]],"i":[[0,0],[0,0],[0,0],[0,0],[0,0],[0,0],[0,0],[0,0],[0,0],[0,0],[0,0]],"o":[[0,0],[0,0],[0,0],[0,0],[0,0],[0,0],[0,0],[0,0],[0,0],[0,0],[0,0]]}}},{"ty":"sh","ks":{"a":0,"k":{"c":true,"v":[[34.7859,192.495],[34.7859,191.713],[140.511,30.0956],[141.684,30.0956],[141.684,192.495]],"i":[[0,0],[0,0],[0,0],[0,0],[0,0]],"o":[[0,0],[0,0],[0,0],[0,0],[0,0]]}}},{"ty":"st","o":{"a":0,"k":0},"w":{"a":0,"k":0},"c":{"a":0,"k":[0,0,0,0]},"lc":3,"lj":1,"ml":1},{"ty":"fl","o":{"a":0,"k":100},"r":1,"c":{"a":0,"k":[0.2980392156862745,0.2980392156862745,0.2980392156862745,1]}},{"ty":"tr","o":{"a":0,"k":100},"a":{"a":0,"k":[0,0]},"s":{"a":0,"k":[100,100]},"p":{"a":0,"k":[0,0]},"r":{"a":0,"k":0}}]}],"op":300},{"ty":4,"nm":"5","ip":0,"st":0,"ind":2,"hix":7,"ks":{"o":{"a":1,"k":[{"t":0,"s":[100],"e":[0],"i":{"x":[0.515],"y":[0.955]},"o":{"x":[0.455],"y":[0.03]}},{"t":60}]},"or":{"a":0,"k":[0,0,0]},"a":{"a":0,"k":[99,143.5,0]},"p":{"s":true,"x":{"a":0,"k":500},"y":{"a":1,"k":[{"t":0,"s":[499.99999999999994],"e":[1145],"i":{"x":[0.515],"y":[0.955]},"o":{"x":[0.455],"y":[0.03]}},{"t":60}]}},"rx":{"a":0,"k":0},"ry":{"a":0,"k":0},"rz":{"a":0,"k":0},"s":{"a":0,"k":[100,100,100]}},"shapes":[{"ty":"gr","nm":"5 shape group","it":[{"ty":"sh","ks":{"a":0,"k":{"c":true,"v":[[96.8405,287],[197.398,190.942],[197.398,190.551],[104.079,97.0361],[39.91,126.186],[39.1275,126.186],[48.7137,31.302],[181.356,31.302],[181.356,0],[19.7594,0],[5.28221,161.01],[36.3885,161.01],[49.6919,144.38],[97.8187,127.36],[162.183,191.138],[162.183,191.529],[97.2318,256.089],[34.8234,206.789],[34.6278,205.224],[0,205.224],[0.195637,207.376]],"i":[[-53.995900000000006,0],[-0.19599999999999795,56.53899999999999],[0,0],[54.19199999999999,0],[13.303400000000003,-18.977000000000004],[0,0],[0,0],[0,0],[0,0],[0,0],[0,0],[0,0],[-5.086599999999997,4.695999999999998],[-19.172500000000014,0],[-0.19499999999999318,-37.17099999999999],[0,0],[38.34519999999999,0],[3.521500000000003,27.976],[0,0],[0,0],[0,0]],"o":[[58.691500000000005,0],[0,0],[0,-54.19199999999998],[-27.389199999999988,0],[0,0],[0,0],[0,0],[0,0],[0,0],[0,0],[0,0],[3.7171999999999983,-6.455999999999989],[12.520800000000001,-11.347000000000008],[37.366299999999995,0],[0,0],[0,37.95400000000001],[-33.84530000000001,0],[0,0],[0,0],[0,0],[4.108383000000001,45.97399999999999]]}}},{"ty":"st","o":{"a":0,"k":0},"w":{"a":0,"k":0},"c":{"a":0,"k":[0,0,0,0]},"lc":3,"lj":1,"ml":1},{"ty":"fl","o":{"a":0,"k":100},"r":1,"c":{"a":0,"k":[0.2980392156862745,0.2980392156862745,0.2980392156862745,1]}},{"ty":"tr","o":{"a":0,"k":100},"a":{"a":0,"k":[0,0]},"s":{"a":0,"k":[100,100]},"p":{"a":0,"k":[0,0]},"r":{"a":0,"k":0}}]}],"op":300},{"ty":4,"nm":"grey","ip":0,"st":0,"ind":1,"hix":8,"ks":{"o":{"a":1,"k":[{"t":0,"s":[100],"e":[100],"i":{"x":[0.515],"y":[0.955]},"o":{"x":[0.455],"y":[0.03]}},{"t":300}]},"or":{"a":0,"k":[0,0,0]},"a":{"a":0,"k":[490,490,0]},"p":{"s":true,"x":{"a":1,"k":[{"t":0,"s":[500],"e":[500],"i":{"x":[1],"y":[1]},"o":{"x":[0],"y":[0]}},{"t":300}]},"y":{"a":1,"k":[{"t":0,"s":[500],"e":[500],"i":{"x":[1],"y":[1]},"o":{"x":[0],"y":[0]}},{"t":300}]}},"rx":{"a":0,"k":0},"ry":{"a":0,"k":0},"rz":{"a":1,"k":[{"t":0,"s":[0],"e":[-270.1496004041831],"i":{"x":[0.515],"y":[0.955]},"o":{"x":[0.455],"y":[0.03]}},{"t":300}]},"s":{"a":0,"k":[100,100,100]}},"shapes":[{"ty":"gr","nm":"grey shape group","it":[{"ty":"el","p":{"a":0,"k":[490,490]},"s":{"a":0,"k":[972,972]}},{"ty":"st","o":{"a":1,"k":[{"t":0,"s":[100],"e":[100],"i":{"x":[0.515],"y":[0.955]},"o":{"x":[0.455],"y":[0.03]}},{"t":300}]},"c":{"a":1,"k":[{"t":0,"s":[0.4,0.4,0.4,1],"e":[0.9921568627450981,0.611764705882353,0.043137254901960784,1],"i":{"x":[0.515],"y":[0.955]},"o":{"x":[0.455],"y":[0.03]}},{"t":150,"s":[0.9921568627450981,0.611764705882353,0.043137254901960784,1],"e":[0.9215686274509803,0.25882352941176473,0.1450980392156863,1],"i":{"x":[0.515],"y":[0.955]},"o":{"x":[0.455],"y":[0.03]}},{"t":300}]},"lc":3,"lj":1,"ml":1,"w":{"a":0,"k":8},"d":[{"n":"d","v":{"a":0,"k":30},"nm":"0"},{"n":"g","v":{"a":0,"k":30},"nm":"1"},{"n":"o","v":{"a":1,"k":[{"t":0,"s":[30],"e":[30],"i":{"x":[0.515],"y":[0.955]},"o":{"x":[0.455],"y":[0.03]}},{"t":300}]},"nm":"2"}]},{"ty":"fl","o":{"a":0,"k":0},"c":{"a":0,"k":[0,0,0,0]},"r":1},{"ty":"tr","o":{"a":0,"k":100},"a":{"a":0,"k":[0,0]},"s":{"a":0,"k":[100,100]},"p":{"a":0,"k":[0,0]},"r":{"a":0,"k":0}}]}],"op":300},{"ty":4,"ip":0,"st":0,"ind":0,"hix":1,"ks":{"o":{"a":0,"k":100},"or":{"a":0,"k":[0,0,0]},"a":{"a":0,"k":[0,0,0]},"p":{"a":0,"k":[0,0,0]},"rx":{"a":0,"k":0},"ry":{"a":0,"k":0},"rz":{"a":0,"k":0},"s":{"a":0,"k":[100,100,100]}},"shapes":[{"ty":"gr","nm":"undefined shape group","it":[{"ty":"rc","s":{"a":0,"k":[1000,1000]},"r":{"a":0,"k":0},"p":{"a":0,"k":[500,500]}},{"ty":"st","o":{"a":0,"k":0},"w":{"a":0,"k":0},"c":{"a":0,"k":[0,0,0,0]},"lc":3,"lj":1,"ml":1},{"ty":"fl","o":{"a":0,"k":100},"r":1,"c":{"a":0,"k":[1,1,1,0]}},{"ty":"tr","o":{"a":0,"k":100},"a":{"a":0,"k":[0,0]},"s":{"a":0,"k":[100,100]},"p":{"a":0,"k":[0,0]},"r":{"a":0,"k":0}}]}],"op":300}],"op":300,"w":1000,"h":1000}