{"v":"5.7.8","fr":29.9700012207031,"ip":0,"op":121.000004928431,"w":520,"h":520,"nm":"meditating man 3","ddd":0,"assets":[{"id":"comp_0","layers":[{"ddd":0,"ind":1,"ty":4,"nm":"Layer 4 Outlines","parent":4,"sr":1,"ks":{"o":{"a":0,"k":100,"ix":11},"r":{"a":0,"k":0,"ix":10},"p":{"a":0,"k":[122.856,258.669,0],"ix":2,"l":2},"a":{"a":0,"k":[12.608,59.459,0],"ix":1,"l":2},"s":{"a":0,"k":[100,100,100],"ix":6,"l":2}},"ao":0,"shapes":[{"ty":"gr","it":[{"ind":0,"ty":"sh","ix":1,"ks":{"a":0,"k":{"i":[[0,-0.463],[1.481,-2.573],[0,0],[0,2.953],[-0.038,0.463],[0,0],[0,0],[0,0],[0,0]],"o":[[0,2.951],[0,0],[-1.479,-2.573],[0,-0.463],[0,0],[0,0],[0,0],[0,0],[0.037,0.463]],"v":[[5.307,-2.522],[3.052,5.913],[-3.052,5.913],[-5.307,-2.523],[-5.249,-3.913],[-5.239,-4.023],[0,-5.913],[5.238,-4.023],[5.248,-3.913]],"c":true},"ix":2},"nm":"Path 1","mn":"ADBE Vector Shape - Group","hd":false},{"ty":"fl","c":{"a":0,"k":[0.160784313725,0.427450980392,0.682352941176,1],"ix":4},"o":{"a":0,"k":100,"ix":5},"r":1,"bm":0,"nm":"Fill 1","mn":"ADBE Vector Graphic - Fill","hd":false},{"ty":"tr","p":{"a":0,"k":[12.633,6.162],"ix":2},"a":{"a":0,"k":[0,0],"ix":1},"s":{"a":0,"k":[100,100],"ix":3},"r":{"a":0,"k":0,"ix":6},"o":{"a":0,"k":100,"ix":7},"sk":{"a":0,"k":0,"ix":4},"sa":{"a":0,"k":0,"ix":5},"nm":"Transform"}],"nm":"Group 1","np":2,"cix":2,"bm":0,"ix":1,"mn":"ADBE Vector Group","hd":false},{"ty":"gr","it":[{"ind":0,"ty":"sh","ix":1,"ks":{"a":0,"k":{"i":[[0,-0.758],[0.446,-1.631],[3.951,-2.541],[0,0],[0,0],[0,0],[0,0],[1.236,4.535],[0,1.688],[-0.09,0.753],[0,0],[0,0],[0,0]],"o":[[0,1.688],[-1.235,4.535],[0,0],[0,0],[0,0],[0,0],[-3.951,-2.541],[-0.446,-1.631],[0,-0.758],[0,0],[0,0],[0,0],[0.091,0.753]],"v":[[12.358,34.967],[11.687,39.972],[3.626,50.967],[0.005,53.294],[0.002,53.296],[-0.006,53.294],[-3.627,50.967],[-11.688,39.972],[-12.358,34.967],[-12.221,32.696],[-3.029,-53.296],[3.028,-53.296],[12.22,32.696]],"c":true},"ix":2},"nm":"Path 1","mn":"ADBE Vector Shape - Group","hd":false},{"ty":"fl","c":{"a":0,"k":[0.160784313725,0.427450980392,0.682352941176,1],"ix":4},"o":{"a":0,"k":100,"ix":5},"r":1,"bm":0,"nm":"Fill 1","mn":"ADBE Vector Graphic - Fill","hd":false},{"ty":"tr","p":{"a":0,"k":[12.608,65.372],"ix":2},"a":{"a":0,"k":[0,0],"ix":1},"s":{"a":0,"k":[100,100],"ix":3},"r":{"a":0,"k":0,"ix":6},"o":{"a":0,"k":100,"ix":7},"sk":{"a":0,"k":0,"ix":4},"sa":{"a":0,"k":0,"ix":5},"nm":"Transform"}],"nm":"Group 2","np":2,"cix":2,"bm":0,"ix":2,"mn":"ADBE Vector Group","hd":false}],"ip":0,"op":150.000006109625,"st":0,"bm":0},{"ddd":0,"ind":2,"ty":4,"nm":"right hand Outlines","parent":4,"sr":1,"ks":{"o":{"a":0,"k":100,"ix":11},"r":{"a":1,"k":[{"i":{"x":[0.59],"y":[1]},"o":{"x":[0.463],"y":[0]},"t":0,"s":[0]},{"i":{"x":[0.602],"y":[1]},"o":{"x":[0.417],"y":[0]},"t":60,"s":[15]},{"t":120.0000048877,"s":[0]}],"ix":10},"p":{"a":0,"k":[106.205,207.727,0],"ix":2,"l":2},"a":{"a":0,"k":[124,9,0],"ix":1,"l":2},"s":{"a":0,"k":[100,100,100],"ix":6,"l":2}},"ao":0,"shapes":[{"ty":"gr","it":[{"ind":0,"ty":"sh","ix":1,"ks":{"a":0,"k":{"i":[[35.649,-30.246],[0,0],[0,0],[-15.697,52.24],[0,0],[0,0],[0.456,-4.785],[1.111,-2.448]],"o":[[0,0],[0,0],[37.808,-39.32],[0,0],[0,0],[-3.022,3.737],[-0.254,2.676],[-19.262,42.43]],"v":[[-47.055,58.155],[-37.491,75.884],[-34.416,72.685],[47.055,-64.445],[45.967,-75.884],[43.677,-73.052],[38.344,-59.986],[36.291,-52.243]],"c":true},"ix":2},"nm":"Path 1","mn":"ADBE Vector Shape - Group","hd":false},{"ty":"fl","c":{"a":0,"k":[0.811764765721,0.831372608858,0.90588241278,1],"ix":4},"o":{"a":0,"k":100,"ix":5},"r":1,"bm":0,"nm":"Fill 1","mn":"ADBE Vector Graphic - Fill","hd":false},{"ty":"tr","p":{"a":0,"k":[81.489,76.134],"ix":2},"a":{"a":0,"k":[0,0],"ix":1},"s":{"a":0,"k":[100,100],"ix":3},"r":{"a":0,"k":0,"ix":6},"o":{"a":0,"k":100,"ix":7},"sk":{"a":0,"k":0,"ix":4},"sa":{"a":0,"k":0,"ix":5},"nm":"Transform"}],"nm":"Group 1","np":2,"cix":2,"bm":0,"ix":1,"mn":"ADBE Vector Group","hd":false},{"ty":"gr","it":[{"ind":0,"ty":"sh","ix":1,"ks":{"a":0,"k":{"i":[[0.129,-0.654],[0,0],[-1.509,-1.348],[-0.011,-0.01],[-1.68,-0.773],[-0.703,-0.165],[-0.726,-0.02],[-1.14,0.156],[-1.434,0.531],[0,0],[0,0],[0,0],[2.9,-2.717],[0,0],[3.353,-0.67],[0.306,-0.042],[0.903,0.039],[2.141,0.359],[2.083,0.621],[0,0],[0,0],[-1.525,-1.116],[-0.448,-0.198],[-0.484,-0.099],[0,0],[0,0],[1.828,-0.782],[0.542,-0.074],[0.553,0.075],[0.697,0.412],[0.495,0.661],[0,0],[0,0],[0.324,1.211],[0.185,0.165],[0.256,0.035],[0.118,-0.017],[0.207,-0.316],[0,0],[0.217,-1.098],[-0.129,-0.943],[-0.258,-0.648],[0,0],[0.326,0.253],[0.19,0.379],[0,0],[0.535,0.053],[0.12,-0.017]],"o":[[0,0],[0.722,1.891],[0.007,0.01],[1.365,1.218],[0.66,0.303],[0.705,0.164],[1.156,0.034],[1.506,-0.207],[0,0],[0,0],[0,0],[-2.937,3.484],[0,0],[-3.055,-1.708],[-0.304,0.062],[-0.896,0.122],[-2.172,-0.092],[-2.141,-0.36],[0,0],[0,0],[0.256,1.87],[0.398,0.291],[0.449,0.2],[0,0],[0,0],[-1.067,1.677],[-0.508,0.219],[-0.548,0.076],[-0.817,-0.111],[-0.695,-0.411],[0,0],[0,0],[0.387,-1.19],[-0.065,-0.249],[-0.186,-0.164],[-0.121,-0.018],[-0.362,0.049],[0,0],[-0.613,0.935],[-0.185,0.944],[0.094,0.684],[0,0],[-0.413,-0.089],[-0.327,-0.253],[0,0],[-0.241,-0.48],[-0.124,-0.013],[-0.65,0.089]],"v":[[-27.081,3.316],[-26.45,4.971],[-23.082,9.92],[-23.054,9.946],[-18.464,12.952],[-16.413,13.657],[-14.262,13.937],[-10.813,13.752],[-6.388,12.644],[13.472,5.169],[27.081,-5.36],[18.751,-13.971],[10.022,-4.441],[8.871,-3.36],[-1.199,-6.24],[-2.116,-6.085],[-4.817,-5.959],[-11.292,-6.636],[-17.637,-8.106],[-17.744,-8.137],[-17.71,-7.889],[-14.923,-3.215],[-13.649,-2.479],[-12.247,-2.027],[-5.385,-0.584],[-5.841,0.131],[-10.283,3.907],[-11.867,4.344],[-13.526,4.347],[-15.819,3.55],[-17.625,1.933],[-19.055,0.015],[-18.265,-2.395],[-18.164,-6.074],[-18.552,-6.704],[-19.224,-7.014],[-19.581,-7.015],[-20.481,-6.446],[-21.684,-4.611],[-22.941,-1.532],[-23.025,1.318],[-22.498,3.325],[-21.485,5.894],[-22.608,5.373],[-23.397,4.416],[-24.151,2.923],[-25.397,2.07],[-25.764,2.076]],"c":true},"ix":2},"nm":"Path 1","mn":"ADBE Vector Shape - Group","hd":false},{"ty":"fl","c":{"a":0,"k":[0.970616718367,0.684361237171,0.494784067191,1],"ix":4},"o":{"a":0,"k":100,"ix":5},"r":1,"bm":0,"nm":"Fill 1","mn":"ADBE Vector Graphic - Fill","hd":false},{"ty":"tr","p":{"a":0,"k":[27.331,143.121],"ix":2},"a":{"a":0,"k":[0,0],"ix":1},"s":{"a":0,"k":[100,100],"ix":3},"r":{"a":0,"k":0,"ix":6},"o":{"a":0,"k":100,"ix":7},"sk":{"a":0,"k":0,"ix":4},"sa":{"a":0,"k":0,"ix":5},"nm":"Transform"}],"nm":"Group 2","np":2,"cix":2,"bm":0,"ix":2,"mn":"ADBE Vector Group","hd":false}],"ip":0,"op":150.000006109625,"st":0,"bm":0},{"ddd":0,"ind":3,"ty":4,"nm":"left hand Outlines","parent":4,"sr":1,"ks":{"o":{"a":0,"k":100,"ix":11},"r":{"a":1,"k":[{"i":{"x":[0.597],"y":[1]},"o":{"x":[0.427],"y":[0]},"t":0,"s":[0]},{"i":{"x":[0.667],"y":[1]},"o":{"x":[0.365],"y":[0]},"t":61,"s":[-15]},{"t":120.0000048877,"s":[0]}],"ix":10},"p":{"a":0,"k":[137.464,207.166,0],"ix":2,"l":2},"a":{"a":0,"k":[2.5,8,0],"ix":1,"l":2},"s":{"a":0,"k":[100,100,100],"ix":6,"l":2}},"ao":0,"shapes":[{"ty":"gr","it":[{"ind":0,"ty":"sh","ix":1,"ks":{"a":0,"k":{"i":[[-37.134,-28.403],[0,0],[0,0],[18.319,51.379],[0,0],[0,0],[-0.697,-4.756],[-1.234,-2.389]],"o":[[0,0],[0,0],[-39.749,-37.358],[0,0],[0,0],[3.208,3.579],[0.39,2.659],[21.383,41.4]],"v":[[50.095,55.486],[41.44,73.676],[38.207,70.638],[-50.095,-62.196],[-49.588,-73.676],[-47.158,-70.963],[-41.171,-58.183],[-38.728,-50.554]],"c":true},"ix":2},"nm":"Path 1","mn":"ADBE Vector Shape - Group","hd":false},{"ty":"fl","c":{"a":0,"k":[0.811764705882,0.83137254902,0.905882352941,1],"ix":4},"o":{"a":0,"k":100,"ix":5},"r":1,"bm":0,"nm":"Fill 1","mn":"ADBE Vector Graphic - Fill","hd":false},{"ty":"tr","p":{"a":0,"k":[50.345,73.926],"ix":2},"a":{"a":0,"k":[0,0],"ix":1},"s":{"a":0,"k":[100,100],"ix":3},"r":{"a":0,"k":0,"ix":6},"o":{"a":0,"k":100,"ix":7},"sk":{"a":0,"k":0,"ix":4},"sa":{"a":0,"k":0,"ix":5},"nm":"Transform"}],"nm":"Group 1","np":2,"cix":2,"bm":0,"ix":1,"mn":"ADBE Vector Group","hd":false},{"ty":"gr","it":[{"ind":0,"ty":"sh","ix":1,"ks":{"a":0,"k":{"i":[[-0.162,-0.647],[0,0],[1.438,-1.424],[0.01,-0.01],[1.64,-0.857],[0.694,-0.2],[0.725,-0.057],[1.147,0.099],[1.46,0.458],[0,0],[0,0],[0,0],[-3.035,-2.567],[0,0],[-3.384,-0.499],[-0.309,-0.026],[-0.899,0.085],[-2.121,0.467],[-2.049,0.726],[0,0],[0,0],[1.466,-1.192],[0.437,-0.221],[0.479,-0.124],[0,0],[0,0],[-1.865,-0.689],[-0.545,-0.047],[-0.549,0.102],[-0.676,0.445],[-0.461,0.685],[0,0],[0,0],[-0.263,1.226],[-0.177,0.173],[-0.253,0.049],[-0.118,-0.011],[-0.224,-0.305],[0,0],[-0.272,-1.086],[0.082,-0.949],[0.225,-0.659],[0,0],[-0.314,0.269],[-0.171,0.387],[0,0],[-0.531,0.079],[-0.12,-0.011]],"o":[[0,0],[-0.625,1.923],[-0.008,0.01],[-1.301,1.285],[-0.644,0.336],[-0.694,0.199],[-1.153,0.093],[-1.514,-0.13],[0,0],[0,0],[0,0],[3.11,3.331],[0,0],[2.965,-1.859],[0.307,0.046],[0.9,0.077],[2.165,-0.201],[2.119,-0.466],[0,0],[0,0],[-0.161,1.881],[-0.382,0.311],[-0.438,0.222],[0,0],[0,0],[1.15,1.62],[0.518,0.193],[0.551,0.047],[0.809,-0.153],[0.672,-0.446],[0,0],[0,0],[-0.447,-1.171],[0.052,-0.252],[0.177,-0.173],[0.12,-0.023],[0.365,0.031],[0,0],[0.66,0.903],[0.233,0.933],[-0.059,0.687],[0,0],[0.409,-0.11],[0.313,-0.269],[0,0],[0.217,-0.492],[0.124,-0.019],[0.654,0.056]],"v":[[27.266,1.799],[26.718,3.484],[23.606,8.598],[23.578,8.624],[19.146,11.859],[17.133,12.666],[14.999,13.054],[11.545,13.044],[7.07,12.161],[-13.142,5.699],[-27.266,-4.126],[-19.383,-13.147],[-10.182,-4.071],[-8.979,-3.051],[0.933,-6.435],[1.857,-6.329],[4.56,-6.339],[10.994,-7.342],[17.255,-9.13],[17.361,-9.169],[17.339,-8.918],[14.792,-4.11],[13.557,-3.309],[12.18,-2.786],[5.4,-0.999],[5.891,-0.307],[10.518,3.238],[12.122,3.596],[13.78,3.515],[16.03,2.603],[17.751,0.896],[19.082,-1.093],[18.171,-3.458],[17.885,-7.128],[18.24,-7.776],[18.895,-8.121],[19.251,-8.14],[20.18,-7.618],[21.473,-5.846],[22.885,-2.833],[23.113,0.009],[22.688,2.038],[21.806,4.656],[22.902,4.078],[23.642,3.084],[24.319,1.554],[25.52,0.639],[25.886,0.627]],"c":true},"ix":2},"nm":"Path 1","mn":"ADBE Vector Shape - Group","hd":false},{"ty":"fl","c":{"a":0,"k":[0.970616718367,0.684361237171,0.494784067191,1],"ix":4},"o":{"a":0,"k":100,"ix":5},"r":1,"bm":0,"nm":"Fill 1","mn":"ADBE Vector Graphic - Fill","hd":false},{"ty":"tr","p":{"a":0,"k":[107.929,138.017],"ix":2},"a":{"a":0,"k":[0,0],"ix":1},"s":{"a":0,"k":[100,100],"ix":3},"r":{"a":0,"k":0,"ix":6},"o":{"a":0,"k":100,"ix":7},"sk":{"a":0,"k":0,"ix":4},"sa":{"a":0,"k":0,"ix":5},"nm":"Transform"}],"nm":"Group 2","np":2,"cix":2,"bm":0,"ix":2,"mn":"ADBE Vector Group","hd":false}],"ip":0,"op":150.000006109625,"st":0,"bm":0},{"ddd":0,"ind":4,"ty":4,"nm":"Layer 1 Outlines","sr":1,"ks":{"o":{"a":0,"k":100,"ix":11},"r":{"a":0,"k":0,"ix":10},"p":{"a":1,"k":[{"i":{"x":0.392,"y":1},"o":{"x":0.112,"y":0},"t":0,"s":[259.195,230.403,0],"to":[0,-3.083,0],"ti":[0,0,0]},{"i":{"x":0.553,"y":1},"o":{"x":0.491,"y":0},"t":60,"s":[259.195,211.903,0],"to":[0,0,0],"ti":[0,-3.083,0]},{"t":120.0000048877,"s":[259.195,230.403,0]}],"ix":2,"l":2},"a":{"a":0,"k":[124.549,225.748,0],"ix":1,"l":2},"s":{"a":0,"k":[50,50,100],"ix":6,"l":2}},"ao":0,"shapes":[{"ty":"gr","it":[{"ind":0,"ty":"sh","ix":1,"ks":{"a":0,"k":{"i":[[-2.761,2.285],[4.907,0],[2.299,3.307],[-4.609,0]],"o":[[-2.302,3.307],[-4.907,0],[2.758,2.285],[4.608,0]],"v":[[11.493,-2.495],[-0.001,2.495],[-11.493,-2.495],[-0.001,0.949]],"c":true},"ix":2},"nm":"Path 1","mn":"ADBE Vector Shape - Group","hd":false},{"ty":"fl","c":{"a":0,"k":[0.07279364642,0.204731974882,0.218980901382,1],"ix":4},"o":{"a":0,"k":100,"ix":5},"r":1,"bm":0,"nm":"Fill 1","mn":"ADBE Vector Graphic - Fill","hd":false},{"ty":"tr","p":{"a":0,"k":[93.209,121.165],"ix":2},"a":{"a":0,"k":[0,0],"ix":1},"s":{"a":0,"k":[100,100],"ix":3},"r":{"a":0,"k":0,"ix":6},"o":{"a":0,"k":100,"ix":7},"sk":{"a":0,"k":0,"ix":4},"sa":{"a":0,"k":0,"ix":5},"nm":"Transform"}],"nm":"Group 1","np":2,"cix":2,"bm":0,"ix":1,"mn":"ADBE Vector Group","hd":false},{"ty":"gr","it":[{"ind":0,"ty":"sh","ix":1,"ks":{"a":0,"k":{"i":[[0,-7.34],[1.143,-1.639],[4.907,0],[2.299,3.306],[0,2.433],[-7.339,0]],"o":[[0,2.433],[-2.302,3.306],[-4.906,0],[-1.144,-1.639],[0,-7.34],[7.34,0]],"v":[[13.29,2.186],[11.493,8.3],[-0.002,13.289],[-11.493,8.3],[-13.29,2.186],[-0.002,-13.289]],"c":true},"ix":2},"nm":"Path 1","mn":"ADBE Vector Shape - Group","hd":false},{"ty":"fl","c":{"a":0,"k":[0.992416082644,0.76966827991,0.595256850299,1],"ix":4},"o":{"a":0,"k":100,"ix":5},"r":1,"bm":0,"nm":"Fill 1","mn":"ADBE Vector Graphic - Fill","hd":false},{"ty":"tr","p":{"a":0,"k":[93.209,110.37],"ix":2},"a":{"a":0,"k":[0,0],"ix":1},"s":{"a":0,"k":[100,100],"ix":3},"r":{"a":0,"k":0,"ix":6},"o":{"a":0,"k":100,"ix":7},"sk":{"a":0,"k":0,"ix":4},"sa":{"a":0,"k":0,"ix":5},"nm":"Transform"}],"nm":"Group 2","np":2,"cix":2,"bm":0,"ix":2,"mn":"ADBE Vector Group","hd":false},{"ty":"gr","it":[{"ind":0,"ty":"sh","ix":1,"ks":{"a":0,"k":{"i":[[-2.761,2.285],[4.907,0],[2.299,3.307],[-4.608,0]],"o":[[-2.302,3.307],[-4.906,0],[2.757,2.285],[4.608,0]],"v":[[11.493,-2.495],[-0.001,2.495],[-11.493,-2.495],[-0.001,0.949]],"c":true},"ix":2},"nm":"Path 1","mn":"ADBE Vector Shape - Group","hd":false},{"ty":"fl","c":{"a":0,"k":[0.07279364642,0.204731974882,0.218980901382,1],"ix":4},"o":{"a":0,"k":100,"ix":5},"r":1,"bm":0,"nm":"Fill 1","mn":"ADBE Vector Graphic - Fill","hd":false},{"ty":"tr","p":{"a":0,"k":[152.208,121.165],"ix":2},"a":{"a":0,"k":[0,0],"ix":1},"s":{"a":0,"k":[100,100],"ix":3},"r":{"a":0,"k":0,"ix":6},"o":{"a":0,"k":100,"ix":7},"sk":{"a":0,"k":0,"ix":4},"sa":{"a":0,"k":0,"ix":5},"nm":"Transform"}],"nm":"Group 3","np":2,"cix":2,"bm":0,"ix":3,"mn":"ADBE Vector Group","hd":false},{"ty":"gr","it":[{"ind":0,"ty":"sh","ix":1,"ks":{"a":0,"k":{"i":[[0,-7.34],[1.144,-1.639],[4.907,0],[2.3,3.306],[0,2.433],[-7.339,0]],"o":[[0,2.433],[-2.302,3.306],[-4.906,0],[-1.144,-1.639],[0,-7.34],[7.34,0]],"v":[[13.29,2.186],[11.492,8.3],[-0.001,13.289],[-11.493,8.3],[-13.29,2.186],[-0.001,-13.289]],"c":true},"ix":2},"nm":"Path 1","mn":"ADBE Vector Shape - Group","hd":false},{"ty":"fl","c":{"a":0,"k":[0.992416082644,0.76966827991,0.595256850299,1],"ix":4},"o":{"a":0,"k":100,"ix":5},"r":1,"bm":0,"nm":"Fill 1","mn":"ADBE Vector Graphic - Fill","hd":false},{"ty":"tr","p":{"a":0,"k":[152.208,110.37],"ix":2},"a":{"a":0,"k":[0,0],"ix":1},"s":{"a":0,"k":[100,100],"ix":3},"r":{"a":0,"k":0,"ix":6},"o":{"a":0,"k":100,"ix":7},"sk":{"a":0,"k":0,"ix":4},"sa":{"a":0,"k":0,"ix":5},"nm":"Transform"}],"nm":"Group 4","np":2,"cix":2,"bm":0,"ix":4,"mn":"ADBE Vector Group","hd":false},{"ty":"gr","it":[{"ind":0,"ty":"sh","ix":1,"ks":{"a":0,"k":{"i":[[0,0],[2.673,0],[0,0],[0,0],[0,0],[0,1.943],[0,0]],"o":[[-0.577,2.869],[0,0],[0,0],[0,0],[1.691,0],[0,0],[0,0]],"v":[[5.238,-0.642],[-0.252,4.366],[-1.426,4.366],[-5.238,0.554],[-1.545,0.554],[1.516,-2.963],[1.516,-4.366]],"c":true},"ix":2},"nm":"Path 1","mn":"ADBE Vector Shape - Group","hd":false},{"ty":"fl","c":{"a":0,"k":[1,0.691943239698,0.241727133358,1],"ix":4},"o":{"a":0,"k":100,"ix":5},"r":1,"bm":0,"nm":"Fill 1","mn":"ADBE Vector Graphic - Fill","hd":false},{"ty":"tr","p":{"a":0,"k":[128.973,366.95],"ix":2},"a":{"a":0,"k":[0,0],"ix":1},"s":{"a":0,"k":[100,100],"ix":3},"r":{"a":0,"k":0,"ix":6},"o":{"a":0,"k":100,"ix":7},"sk":{"a":0,"k":0,"ix":4},"sa":{"a":0,"k":0,"ix":5},"nm":"Transform"}],"nm":"Group 5","np":2,"cix":2,"bm":0,"ix":5,"mn":"ADBE Vector Group","hd":false},{"ty":"gr","it":[{"ind":0,"ty":"sh","ix":1,"ks":{"a":0,"k":{"i":[[0,0],[0,0],[0.455,-1.287],[0,0],[-1.95,0],[0,0]],"o":[[0,0],[-1.28,0],[0,0],[1.013,-1.729],[0,0],[0,0]],"v":[[6.31,0.81],[-0.338,0.81],[-3.172,3.001],[-6.31,-0.136],[-1.629,-3.001],[2.498,-3.001]],"c":true},"ix":2},"nm":"Path 1","mn":"ADBE Vector Shape - Group","hd":false},{"ty":"fl","c":{"a":0,"k":[1,0.691943239698,0.241727133358,1],"ix":4},"o":{"a":0,"k":100,"ix":5},"r":1,"bm":0,"nm":"Fill 1","mn":"ADBE Vector Graphic - Fill","hd":false},{"ty":"tr","p":{"a":0,"k":[118.633,356.229],"ix":2},"a":{"a":0,"k":[0,0],"ix":1},"s":{"a":0,"k":[100,100],"ix":3},"r":{"a":0,"k":0,"ix":6},"o":{"a":0,"k":100,"ix":7},"sk":{"a":0,"k":0,"ix":4},"sa":{"a":0,"k":0,"ix":5},"nm":"Transform"}],"nm":"Group 6","np":2,"cix":2,"bm":0,"ix":6,"mn":"ADBE Vector Group","hd":false},{"ty":"gr","it":[{"ind":0,"ty":"sh","ix":1,"ks":{"a":0,"k":{"i":[[0,0],[1.693,0],[0,0],[0,1.943],[0,0],[-0.147,0.407],[-0.031,0.07],[-0.011,0.018],[-0.031,0.061],[-0.004,0.011],[-0.04,0.064],[-0.042,0.056],[-0.067,0.08],[-0.04,0.044],[-0.013,0.012],[-0.051,0.046],[-0.004,0.003],[-0.056,0.041],[-0.228,0.101],[-0.003,0],[-0.04,0.015],[-0.13,0.029],[-0.038,0.007],[-0.111,0.006],[-0.049,0],[0,0],[-0.339,-0.15],[0,-1.5]],"o":[[0,1.943],[0,0],[-1.691,0],[0,0],[0,-0.468],[0.025,-0.073],[0.008,-0.018],[0.026,-0.063],[0.004,-0.009],[0.036,-0.067],[0.033,-0.058],[0.058,-0.085],[0.036,-0.044],[0.013,-0.012],[0.048,-0.051],[0.003,-0.005],[0.052,-0.05],[0.197,-0.157],[0.002,-0.002],[0.039,-0.018],[0.123,-0.048],[0.037,-0.009],[0.106,-0.019],[0.048,-0.003],[0,0],[0.387,0],[1.151,0.507],[0,0]],"v":[[7.628,1.715],[4.564,5.232],[-4.566,5.232],[-7.627,1.715],[-7.627,-1.714],[-7.402,-3.039],[-7.319,-3.254],[-7.293,-3.31],[-7.205,-3.496],[-7.191,-3.526],[-7.079,-3.721],[-6.967,-3.893],[-6.778,-4.145],[-6.663,-4.276],[-6.626,-4.315],[-6.476,-4.463],[-6.465,-4.473],[-6.301,-4.611],[-5.661,-5],[-5.655,-5.003],[-5.533,-5.052],[-5.152,-5.168],[-5.038,-5.19],[-4.712,-5.228],[-4.566,-5.233],[4.564,-5.233],[5.662,-5],[7.628,-1.714]],"c":true},"ix":2},"nm":"Path 1","mn":"ADBE Vector Shape - Group","hd":false},{"ind":1,"ty":"sh","ix":2,"ks":{"a":0,"k":{"i":[[0.269,0.751],[0.41,0.538],[1.695,0],[0,0],[0.061,-0.002],[0.044,-0.005],[0.052,-0.007],[0.041,-0.004],[0.02,-0.002],[0.042,-0.008],[0.038,-0.007],[0.059,-0.012],[0.154,-0.052],[0.042,-0.014],[0.048,-0.02],[0.092,-0.044],[0.088,-0.049],[0.005,-0.002],[0.081,-0.052],[0.082,-0.056],[0.007,-0.004],[0.071,-0.057],[0.009,-0.007],[0.076,-0.064],[0.048,-0.046],[0.008,-0.01],[0.032,-0.029],[0.129,-0.154],[0.057,-0.075],[0.004,-0.006],[0.131,-0.225],[0.146,-0.416],[0,-0.863],[0,0],[-0.464,-0.939],[-2.107,0],[0,0],[-0.092,0.006],[-0.072,0.008],[-0.065,0.009],[-0.028,0.003],[-0.067,0.015],[-0.057,0.015],[-0.042,0.013],[-0.042,0.011],[-0.038,0.011],[-0.064,0.024],[-0.068,0.028],[-0.073,0.036],[-0.071,0.038],[-0.069,0.04],[-0.067,0.044],[-0.066,0.048],[-0.049,0.038],[-0.421,0.745],[-0.027,0.054],[-0.03,0.061],[-0.105,0.325],[-0.024,0.086],[-0.021,0.088],[-0.02,0.09],[0,0.505],[0,0]],"o":[[-0.236,-0.672],[-1.032,-1.361],[0,0],[-0.061,0],[-0.044,0],[-0.053,0.002],[-0.042,0.004],[-0.02,0.003],[-0.042,0.004],[-0.04,0.005],[-0.058,0.01],[-0.158,0.036],[-0.044,0.013],[-0.048,0.017],[-0.097,0.035],[-0.092,0.041],[-0.006,0.004],[-0.085,0.046],[-0.086,0.051],[-0.006,0.004],[-0.075,0.053],[-0.01,0.009],[-0.079,0.06],[-0.052,0.044],[-0.009,0.008],[-0.032,0.028],[-0.14,0.136],[-0.059,0.071],[-0.006,0.006],[-0.156,0.203],[-0.216,0.367],[-0.264,0.751],[0,0],[0,1.157],[0.967,1.966],[0,0],[0.094,0],[0.073,-0.004],[0.066,-0.006],[0.027,-0.004],[0.069,-0.011],[0.059,-0.01],[0.042,-0.007],[0.042,-0.01],[0.038,-0.011],[0.063,-0.02],[0.068,-0.024],[0.075,-0.031],[0.074,-0.034],[0.072,-0.038],[0.071,-0.042],[0.067,-0.044],[0.053,-0.035],[0.644,-0.489],[0.029,-0.053],[0.033,-0.061],[0.146,-0.295],[0.026,-0.085],[0.025,-0.086],[0.021,-0.09],[0.097,-0.472],[0,0],[0,-0.863]],"v":[[11.082,-5],[10.105,-6.823],[5.858,-9.044],[-5.858,-9.044],[-6.04,-9.041],[-6.173,-9.034],[-6.33,-9.021],[-6.455,-9.01],[-6.514,-9],[-6.639,-8.982],[-6.756,-8.963],[-6.929,-8.927],[-7.402,-8.797],[-7.532,-8.754],[-7.676,-8.698],[-7.959,-8.58],[-8.228,-8.445],[-8.246,-8.438],[-8.497,-8.292],[-8.747,-8.13],[-8.767,-8.117],[-8.988,-7.957],[-9.017,-7.932],[-9.247,-7.746],[-9.397,-7.609],[-9.423,-7.585],[-9.515,-7.499],[-9.916,-7.065],[-10.092,-6.844],[-10.108,-6.823],[-10.54,-6.179],[-11.085,-5],[-11.496,-2.565],[-11.496,2.568],[-10.767,5.751],[-5.858,9.044],[5.858,9.044],[6.139,9.035],[6.355,9.019],[6.551,8.995],[6.634,8.984],[6.837,8.945],[7.009,8.907],[7.134,8.876],[7.257,8.844],[7.368,8.808],[7.558,8.745],[7.762,8.665],[7.983,8.568],[8.199,8.461],[8.41,8.344],[8.618,8.215],[8.817,8.079],[8.97,7.969],[10.587,6.094],[10.673,5.935],[10.767,5.753],[11.144,4.821],[11.22,4.565],[11.29,4.303],[11.348,4.035],[11.496,2.568],[11.496,-2.565]],"c":true},"ix":2},"nm":"Path 2","mn":"ADBE Vector Shape - Group","hd":false},{"ty":"mm","mm":1,"nm":"Merge Paths 1","mn":"ADBE Vector Filter - Merge","hd":false},{"ty":"fl","c":{"a":0,"k":[0.970616718367,0.601892209521,0.160196895225,1],"ix":4},"o":{"a":0,"k":100,"ix":5},"r":1,"bm":0,"nm":"Fill 1","mn":"ADBE Vector Graphic - Fill","hd":false},{"ty":"tr","p":{"a":0,"k":[122.862,362.271],"ix":2},"a":{"a":0,"k":[0,0],"ix":1},"s":{"a":0,"k":[100,100],"ix":3},"r":{"a":0,"k":0,"ix":6},"o":{"a":0,"k":100,"ix":7},"sk":{"a":0,"k":0,"ix":4},"sa":{"a":0,"k":0,"ix":5},"nm":"Transform"}],"nm":"Group 7","np":4,"cix":2,"bm":0,"ix":7,"mn":"ADBE Vector Group","hd":false},{"ty":"gr","it":[{"ind":0,"ty":"sh","ix":1,"ks":{"a":0,"k":{"i":[[-0.011,-0.186],[0,0],[16.626,0],[14.267,2.153],[-0.293,3.574],[-16.286,0],[-14.117,1.308],[-0.072,-0.932],[-0.014,-0.193],[-0.08,-1.142],[-0.003,-0.051],[-0.061,-1.005],[-0.004,-0.076]],"o":[[0,0],[-14.274,2.156],[-16.619,0],[0.225,-3.581],[14.114,1.308],[16.289,0],[0.08,0.927],[0.015,0.188],[0.087,1.141],[0.004,0.05],[0.069,1.004],[0.008,0.076],[0.015,0.185]],"v":[[46.695,3.686],[46.691,3.686],[-0.008,7.043],[-46.695,3.689],[-45.919,-7.043],[-0.008,-5.012],[45.915,-7.043],[46.139,-4.251],[46.183,-3.678],[46.433,-0.254],[46.445,-0.105],[46.643,2.908],[46.658,3.132]],"c":true},"ix":2},"nm":"Path 1","mn":"ADBE Vector Shape - Group","hd":false},{"ty":"fl","c":{"a":0,"k":[0,0,0,1],"ix":4},"o":{"a":0,"k":100,"ix":5},"r":1,"bm":0,"nm":"Fill 1","mn":"ADBE Vector Graphic - Fill","hd":false},{"ty":"tr","p":{"a":0,"k":[122.866,361.446],"ix":2},"a":{"a":0,"k":[0,0],"ix":1},"s":{"a":0,"k":[100,100],"ix":3},"r":{"a":0,"k":0,"ix":6},"o":{"a":0,"k":100,"ix":7},"sk":{"a":0,"k":0,"ix":4},"sa":{"a":0,"k":0,"ix":5},"nm":"Transform"}],"nm":"Group 8","np":2,"cix":2,"bm":0,"ix":8,"mn":"ADBE Vector Group","hd":false},{"ty":"gr","it":[{"ind":0,"ty":"sh","ix":1,"ks":{"a":0,"k":{"i":[[0,0],[0,0],[0,0],[2.479,2.878],[0,0],[0,0],[-4.393,-0.004]],"o":[[0,0],[0,0],[-5.049,-0.881],[0,0],[0,0],[4.267,0.247],[0,0]],"v":[[8.366,-5.352],[8.358,-5.34],[3.382,5.733],[-8.366,-3.464],[-4.77,-5.725],[-4.759,-5.733],[8.236,-5.352]],"c":true},"ix":2},"nm":"Path 1","mn":"ADBE Vector Shape - Group","hd":false},{"ty":"fl","c":{"a":0,"k":[0.596078431373,0.654901960784,0.78431372549,1],"ix":4},"o":{"a":0,"k":100,"ix":5},"r":1,"bm":0,"nm":"Fill 1","mn":"ADBE Vector Graphic - Fill","hd":false},{"ty":"tr","p":{"a":0,"k":[114.513,204.714],"ix":2},"a":{"a":0,"k":[0,0],"ix":1},"s":{"a":0,"k":[100,100],"ix":3},"r":{"a":0,"k":0,"ix":6},"o":{"a":0,"k":100,"ix":7},"sk":{"a":0,"k":0,"ix":4},"sa":{"a":0,"k":0,"ix":5},"nm":"Transform"}],"nm":"Group 9","np":2,"cix":2,"bm":0,"ix":9,"mn":"ADBE Vector Group","hd":false},{"ty":"gr","it":[{"ind":0,"ty":"sh","ix":1,"ks":{"a":0,"k":{"i":[[0,0],[5.064,-0.866],[0,0],[0,0],[0,0],[-4.306,0.25]],"o":[[-2.497,2.875],[0,0],[0,0],[0,0],[4.433,0],[0,0]],"v":[[8.398,-3.431],[-3.404,5.74],[-8.391,-5.348],[-8.398,-5.359],[-8.384,-5.359],[4.726,-5.74]],"c":true},"ix":2},"nm":"Path 1","mn":"ADBE Vector Shape - Group","hd":false},{"ty":"fl","c":{"a":0,"k":[0.596078431373,0.654901960784,0.78431372549,1],"ix":4},"o":{"a":0,"k":100,"ix":5},"r":1,"bm":0,"nm":"Fill 1","mn":"ADBE Vector Graphic - Fill","hd":false},{"ty":"tr","p":{"a":0,"k":[131.263,204.721],"ix":2},"a":{"a":0,"k":[0,0],"ix":1},"s":{"a":0,"k":[100,100],"ix":3},"r":{"a":0,"k":0,"ix":6},"o":{"a":0,"k":100,"ix":7},"sk":{"a":0,"k":0,"ix":4},"sa":{"a":0,"k":0,"ix":5},"nm":"Transform"}],"nm":"Group 10","np":2,"cix":2,"bm":0,"ix":10,"mn":"ADBE Vector Group","hd":false},{"ty":"gr","it":[{"ind":0,"ty":"sh","ix":1,"ks":{"a":0,"k":{"i":[[0,-1.161],[1.162,0],[0,1.158],[-1.157,0]],"o":[[0,1.158],[-1.157,0],[0,-1.161],[1.162,0]],"v":[[2.099,0.001],[-0.002,2.099],[-2.099,0.001],[-0.002,-2.099]],"c":true},"ix":2},"nm":"Path 1","mn":"ADBE Vector Shape - Group","hd":false},{"ty":"fl","c":{"a":0,"k":[0.988625799441,0.955448584463,0.907108262006,1],"ix":4},"o":{"a":0,"k":100,"ix":5},"r":1,"bm":0,"nm":"Fill 1","mn":"ADBE Vector Graphic - Fill","hd":false},{"ty":"tr","p":{"a":0,"k":[186.611,95.353],"ix":2},"a":{"a":0,"k":[0,0],"ix":1},"s":{"a":0,"k":[100,100],"ix":3},"r":{"a":0,"k":0,"ix":6},"o":{"a":0,"k":100,"ix":7},"sk":{"a":0,"k":0,"ix":4},"sa":{"a":0,"k":0,"ix":5},"nm":"Transform"}],"nm":"Group 11","np":2,"cix":2,"bm":0,"ix":11,"mn":"ADBE Vector Group","hd":false},{"ty":"gr","it":[{"ind":0,"ty":"sh","ix":1,"ks":{"a":0,"k":{"i":[[0,-1.161],[1.161,0],[0,1.158],[-1.157,0]],"o":[[0,1.158],[-1.157,0],[0,-1.161],[1.161,0]],"v":[[2.099,0.001],[-0.002,2.099],[-2.099,0.001],[-0.002,-2.099]],"c":true},"ix":2},"nm":"Path 1","mn":"ADBE Vector Shape - Group","hd":false},{"ty":"fl","c":{"a":0,"k":[0.988625799441,0.955448584463,0.907108262006,1],"ix":4},"o":{"a":0,"k":100,"ix":5},"r":1,"bm":0,"nm":"Fill 1","mn":"ADBE Vector Graphic - Fill","hd":false},{"ty":"tr","p":{"a":0,"k":[58.558,95.353],"ix":2},"a":{"a":0,"k":[0,0],"ix":1},"s":{"a":0,"k":[100,100],"ix":3},"r":{"a":0,"k":0,"ix":6},"o":{"a":0,"k":100,"ix":7},"sk":{"a":0,"k":0,"ix":4},"sa":{"a":0,"k":0,"ix":5},"nm":"Transform"}],"nm":"Group 12","np":2,"cix":2,"bm":0,"ix":12,"mn":"ADBE Vector Group","hd":false},{"ty":"gr","it":[{"ind":0,"ty":"sh","ix":1,"ks":{"a":0,"k":{"i":[[-1.157,0],[0,-1.161],[1.161,0],[0,1.158]],"o":[[1.161,0],[0,1.158],[-1.157,0],[0,-1.161]],"v":[[63.829,-16.452],[65.93,-14.352],[63.829,-12.254],[61.731,-14.352]],"c":true},"ix":2},"nm":"Path 1","mn":"ADBE Vector Shape - Group","hd":false},{"ind":1,"ty":"sh","ix":2,"ks":{"a":0,"k":{"i":[[0.959,-2.142],[2.498,-1.77],[5.968,0],[1.915,1.104],[2.432,3.975],[0,3.169],[-4.127,1.986],[-6.997,0],[-2.644,-2.357],[0,-3.982]],"o":[[-0.952,2.134],[-2.506,1.775],[-5.973,0],[-1.911,-1.105],[-2.436,-3.982],[0,-3.175],[4.128,-1.988],[7.003,0],[2.658,2.36],[0,3.979]],"v":[[58.284,9.202],[51.991,16.294],[36.578,19.513],[22.241,17.501],[14.338,8.262],[9.922,-4.735],[17.424,-14.114],[37.653,-17.736],[55.198,-13.451],[60.022,-1.923]],"c":true},"ix":2},"nm":"Path 2","mn":"ADBE Vector Shape - Group","hd":false},{"ind":2,"ty":"sh","ix":3,"ks":{"a":0,"k":{"i":[[2.435,-3.982],[1.916,-1.105],[5.975,0],[2.498,1.775],[0.952,2.134],[0,3.979],[-2.659,2.36],[-7.009,0],[-4.127,-1.988],[0,-3.175]],"o":[[-2.436,3.975],[-1.918,1.104],[-5.968,0],[-2.504,-1.77],[-0.964,-2.142],[0,-3.982],[2.644,-2.357],[6.995,0],[4.128,1.986],[0,3.169]],"v":[[-14.338,8.262],[-22.242,17.501],[-36.581,19.513],[-51.986,16.294],[-58.28,9.202],[-60.023,-1.923],[-55.199,-13.451],[-37.647,-17.736],[-17.42,-14.114],[-9.918,-4.735]],"c":true},"ix":2},"nm":"Path 3","mn":"ADBE Vector Shape - Group","hd":false},{"ind":3,"ty":"sh","ix":4,"ks":{"a":0,"k":{"i":[[1.161,0],[0,1.158],[-1.157,0],[0,-1.161]],"o":[[-1.157,0],[0,-1.161],[1.161,0],[0,1.158]],"v":[[-64.224,-12.254],[-66.321,-14.352],[-64.224,-16.452],[-62.123,-14.352]],"c":true},"ix":2},"nm":"Path 4","mn":"ADBE Vector Shape - Group","hd":false},{"ind":4,"ty":"sh","ix":5,"ks":{"a":0,"k":{"i":[[1.865,0],[0,0],[2.339,0],[0,0],[3.265,-0.921],[2.934,-1.784],[1.751,-0.486],[1.829,0],[1.751,0.5],[1.558,0.952],[3.284,0.92],[3.431,0],[0,0],[1.809,-1.481],[0,0],[0,-1.86],[0,0],[-1.068,-0.602],[0,0],[0,0],[0,0],[-0.845,-1.049],[0,0],[0,0],[-1.972,-2.367],[-2.831,-1.328],[-3.195,0],[0,0],[-3.968,4.421],[-1.194,1.994],[-0.799,2.185],[0,0],[0,0],[0,0],[-1.202,-1.993],[-1.559,-1.738],[-5.934,0],[0,0],[-2.824,1.316],[-2.044,2.452],[-1.008,3.155],[0,0],[0,0],[-0.957,0.828],[0,0],[0,0],[0,0],[0,1.229],[0,0]],"o":[[0,0],[-1.809,-1.481],[0,0],[-3.436,0],[-3.279,0.92],[-1.552,0.952],[-1.745,0.5],[-1.82,0],[-1.745,-0.486],[-2.926,-1.784],[-3.263,-0.921],[0,0],[-2.34,0],[0,0],[-1.859,0],[0,0],[0,1.229],[0,0],[0,0],[0,0],[0.957,0.828],[0,0],[0,0],[1.012,2.88],[2.044,2.452],[2.819,1.316],[0,0],[5.936,0],[1.558,-1.738],[1.195,-1.993],[0,0],[0,0],[0,0],[0.806,2.185],[1.188,1.994],[3.968,4.421],[0,0],[3.2,0],[2.831,-1.328],[2.137,-2.564],[0,0],[0,0],[0.845,-1.049],[0,0],[0,0],[0,0],[1.066,-0.602],[0,0],[0,-1.86]],"v":[[65.806,-19.584],[55.958,-19.584],[49.543,-21.871],[29.831,-21.871],[19.724,-20.477],[10.368,-16.401],[5.386,-14.23],[-0.002,-13.475],[-5.387,-14.23],[-10.371,-16.401],[-19.726,-20.477],[-29.827,-21.871],[-49.544,-21.871],[-55.954,-19.584],[-65.807,-19.584],[-69.179,-16.209],[-69.179,-12.927],[-67.448,-9.967],[-65.641,-8.972],[-66.081,-2.358],[-67.016,11.7],[-64.304,14.538],[-64.25,14.315],[-62.339,6.189],[-57.833,14.128],[-50.421,19.846],[-41.289,21.871],[-29.936,21.871],[-14.37,14.927],[-10.238,9.323],[-7.234,3.042],[-3.048,-8.396],[3.053,-8.396],[7.231,3.042],[10.242,9.323],[14.369,14.927],[29.933,21.871],[41.288,21.871],[50.425,19.846],[57.83,14.128],[62.584,5.467],[64.645,14.228],[64.699,14.451],[67.411,11.613],[66.475,-2.445],[66.029,-9.182],[67.447,-9.967],[69.179,-12.927],[69.179,-16.209]],"c":true},"ix":2},"nm":"Path 5","mn":"ADBE Vector Shape - Group","hd":false},{"ty":"mm","mm":1,"nm":"Merge Paths 1","mn":"ADBE Vector Filter - Merge","hd":false},{"ty":"fl","c":{"a":0,"k":[0.129815673828,0.163964978386,0.181988121482,1],"ix":4},"o":{"a":0,"k":100,"ix":5},"r":1,"bm":0,"nm":"Fill 1","mn":"ADBE Vector Graphic - Fill","hd":false},{"ty":"tr","p":{"a":0,"k":[122.78,109.706],"ix":2},"a":{"a":0,"k":[0,0],"ix":1},"s":{"a":0,"k":[100,100],"ix":3},"r":{"a":0,"k":0,"ix":6},"o":{"a":0,"k":100,"ix":7},"sk":{"a":0,"k":0,"ix":4},"sa":{"a":0,"k":0,"ix":5},"nm":"Transform"}],"nm":"Group 13","np":7,"cix":2,"bm":0,"ix":13,"mn":"ADBE Vector Group","hd":false},{"ty":"gr","it":[{"ind":0,"ty":"sh","ix":1,"ks":{"a":0,"k":{"i":[[1.161,0],[0,-1.161],[-1.157,0],[0,1.158]],"o":[[-1.157,0],[0,1.158],[1.161,0],[0,-1.161]],"v":[[64.025,-2.099],[61.926,0.001],[64.025,2.099],[66.125,0.001]],"c":true},"ix":2},"nm":"Path 1","mn":"ADBE Vector Shape - Group","hd":false},{"ind":1,"ty":"sh","ix":2,"ks":{"a":0,"k":{"i":[[1.161,0],[0,-1.161],[-1.157,0],[0,1.158]],"o":[[-1.157,0],[0,1.158],[1.161,0],[0,-1.161]],"v":[[-64.028,-2.099],[-66.125,0.001],[-64.028,2.099],[-61.928,0.001]],"c":true},"ix":2},"nm":"Path 2","mn":"ADBE Vector Shape - Group","hd":false},{"ty":"mm","mm":1,"nm":"Merge Paths 1","mn":"ADBE Vector Filter - Merge","hd":false},{"ty":"fl","c":{"a":0,"k":[0.129815673828,0.163964978386,0.181988121482,1],"ix":4},"o":{"a":0,"k":100,"ix":5},"r":1,"bm":0,"nm":"Fill 1","mn":"ADBE Vector Graphic - Fill","hd":false},{"ty":"tr","p":{"a":0,"k":[122.584,95.353],"ix":2},"a":{"a":0,"k":[0,0],"ix":1},"s":{"a":0,"k":[100,100],"ix":3},"r":{"a":0,"k":0,"ix":6},"o":{"a":0,"k":100,"ix":7},"sk":{"a":0,"k":0,"ix":4},"sa":{"a":0,"k":0,"ix":5},"nm":"Transform"}],"nm":"Group 14","np":4,"cix":2,"bm":0,"ix":14,"mn":"ADBE Vector Group","hd":false},{"ty":"gr","it":[{"ind":0,"ty":"sh","ix":1,"ks":{"a":0,"k":{"i":[[0,0],[0,0],[0,0],[12.164,0],[2.261,-0.779],[4.871,-2.425],[2.312,-0.906],[0.852,-0.413],[0.925,0.359],[2.033,0.993],[5.647,1.08],[0.134,0.123],[0,5.083],[-18.736,0],[-4.995,-1.957],[-1.352,-0.362],[-4.902,-3.089],[-4.61,-5.183],[-3.016,-6.325]],"o":[[0,0],[0,0],[-2.389,-12.625],[-1.838,0],[-4.494,1.544],[-2.57,1.283],[-0.924,0.359],[-0.852,-0.413],[-1.848,-0.725],[-6.655,-3.251],[-0.138,-0.12],[-4.15,-3.799],[0,-12.642],[6.191,0],[1.303,0.511],[5.43,1.452],[5.927,3.733],[4.612,5.183],[0,0]],"v":[[53.321,28.332],[47.016,31.957],[42.66,31.837],[12.536,4.598],[6.334,5.859],[-8.143,12.54],[-15.53,15.932],[-18.197,17.088],[-20.866,15.932],[-26.723,13.297],[-46.313,4.874],[-46.719,4.511],[-53.321,-9.064],[-19.398,-31.957],[-2.408,-28.879],[1.592,-27.611],[17.186,-20.796],[33.061,-7.342],[44.571,9.995]],"c":true},"ix":2},"nm":"Path 1","mn":"ADBE Vector Shape - Group","hd":false},{"ty":"fl","c":{"a":0,"k":[0.509001907648,0.334603672402,0.297618701411,1],"ix":4},"o":{"a":0,"k":100,"ix":5},"r":1,"bm":0,"nm":"Fill 1","mn":"ADBE Vector Graphic - Fill","hd":false},{"ty":"tr","p":{"a":0,"k":[141.185,32.207],"ix":2},"a":{"a":0,"k":[0,0],"ix":1},"s":{"a":0,"k":[100,100],"ix":3},"r":{"a":0,"k":0,"ix":6},"o":{"a":0,"k":100,"ix":7},"sk":{"a":0,"k":0,"ix":4},"sa":{"a":0,"k":0,"ix":5},"nm":"Transform"}],"nm":"Group 15","np":2,"cix":2,"bm":0,"ix":15,"mn":"ADBE Vector Group","hd":false},{"ty":"gr","it":[{"ind":0,"ty":"sh","ix":1,"ks":{"a":0,"k":{"i":[[0,0],[0.736,0],[0,-13.208],[-3.893,-3.487],[0,0],[0,0],[-6.271,10.645],[-11.044,0],[-3.512,-1.247]],"o":[[-0.815,-0.145],[-13.208,0],[0,6.219],[0,0],[0,0],[-2.733,-12.048],[5.864,-9.964],[3.559,0],[0,0]],"v":[[24.486,-39.414],[22.155,-39.635],[-8.281,-9.195],[-2.014,5.456],[-11.63,47.831],[-21.753,3.219],[-16.247,-32.11],[11.249,-47.831],[21.927,-45.985]],"c":true},"ix":2},"nm":"Path 1","mn":"ADBE Vector Shape - Group","hd":false},{"ty":"fl","c":{"a":0,"k":[0.401894333783,0.260652519675,0.260652519675,1],"ix":4},"o":{"a":0,"k":100,"ix":5},"r":1,"bm":0,"nm":"Fill 1","mn":"ADBE Vector Graphic - Fill","hd":false},{"ty":"tr","p":{"a":0,"k":[70.099,76.44],"ix":2},"a":{"a":0,"k":[0,0],"ix":1},"s":{"a":0,"k":[100,100],"ix":3},"r":{"a":0,"k":0,"ix":6},"o":{"a":0,"k":100,"ix":7},"sk":{"a":0,"k":0,"ix":4},"sa":{"a":0,"k":0,"ix":5},"nm":"Transform"}],"nm":"Group 16","np":2,"cix":2,"bm":0,"ix":16,"mn":"ADBE Vector Group","hd":false},{"ty":"gr","it":[{"ind":0,"ty":"sh","ix":1,"ks":{"a":0,"k":{"i":[[0,0],[0,0],[0,0],[0,6.219],[0.203,1.087],[12.164,0],[8.895,-3.494],[0.852,-0.413],[0.925,0.359],[7.391,1.294],[0.735,0],[0,-13.208],[-3.893,-3.486],[0,0],[0,0],[0,0],[0,0]],"o":[[0,0],[0,0],[3.892,-3.486],[0,-1.044],[-2.389,-12.625],[-7.413,0],[-0.924,0.359],[-0.852,-0.413],[-8.01,-3.146],[-0.815,-0.145],[-13.208,0],[0,6.219],[0,0],[0,0],[0,0],[0,0],[0,0]],"v":[[71.518,-16.824],[64.519,46.908],[54.903,4.532],[61.169,-10.118],[60.858,-13.319],[30.734,-40.558],[2.668,-29.224],[0,-28.068],[-2.668,-29.224],[-28.403,-40.337],[-30.733,-40.558],[-61.169,-10.118],[-54.902,4.532],[-64.519,46.908],[-71.518,-16.824],[-43.97,-46.908],[43.97,-46.908]],"c":true},"ix":2},"nm":"Path 1","mn":"ADBE Vector Shape - Group","hd":false},{"ty":"fl","c":{"a":0,"k":[0.509001907648,0.334603672402,0.297618701411,1],"ix":4},"o":{"a":0,"k":100,"ix":5},"r":1,"bm":0,"nm":"Fill 1","mn":"ADBE Vector Graphic - Fill","hd":false},{"ty":"tr","p":{"a":0,"k":[122.987,77.363],"ix":2},"a":{"a":0,"k":[0,0],"ix":1},"s":{"a":0,"k":[100,100],"ix":3},"r":{"a":0,"k":0,"ix":6},"o":{"a":0,"k":100,"ix":7},"sk":{"a":0,"k":0,"ix":4},"sa":{"a":0,"k":0,"ix":5},"nm":"Transform"}],"nm":"Group 17","np":2,"cix":2,"bm":0,"ix":17,"mn":"ADBE Vector Group","hd":false},{"ty":"gr","it":[{"ind":0,"ty":"sh","ix":1,"ks":{"a":0,"k":{"i":[[2.199,-4.298],[-3.243,0.272],[-1.26,-0.07],[1.385,-3.018],[0,0],[0,0],[-0.651,3.164],[-1.193,-0.511],[4.792,-0.401]],"o":[[3.289,-3.407],[1.169,-0.097],[-0.132,3.313],[0,0],[0,0],[2.001,-2.551],[1.437,0.227],[-1.5,-3.093],[-4.086,0.344]],"v":[[-10.626,2.932],[0.443,-3.736],[4.125,-3.784],[1.825,5.807],[1.452,6.621],[2.591,5.17],[6.617,-3.517],[10.626,-2.417],[0.234,-6.22]],"c":true},"ix":2},"nm":"Path 1","mn":"ADBE Vector Shape - Group","hd":false},{"ty":"fl","c":{"a":0,"k":[0.955448584463,0.636019478592,0.505214377011,1],"ix":4},"o":{"a":0,"k":100,"ix":5},"r":1,"bm":0,"nm":"Fill 1","mn":"ADBE Vector Graphic - Fill","hd":false},{"ty":"tr","p":{"a":0,"k":[198.827,129.945],"ix":2},"a":{"a":0,"k":[0,0],"ix":1},"s":{"a":0,"k":[100,100],"ix":3},"r":{"a":0,"k":0,"ix":6},"o":{"a":0,"k":100,"ix":7},"sk":{"a":0,"k":0,"ix":4},"sa":{"a":0,"k":0,"ix":5},"nm":"Transform"}],"nm":"Group 18","np":2,"cix":2,"bm":0,"ix":18,"mn":"ADBE Vector Group","hd":false},{"ty":"gr","it":[{"ind":0,"ty":"sh","ix":1,"ks":{"a":0,"k":{"i":[[-2.199,-4.298],[3.243,0.272],[1.26,-0.07],[-1.384,-3.018],[0,0],[0,0],[0.651,3.164],[1.193,-0.511],[-4.792,-0.401]],"o":[[-3.289,-3.407],[-1.169,-0.097],[0.132,3.313],[0,0],[0,0],[-2.001,-2.551],[-1.437,0.227],[1.499,-3.093],[4.085,0.344]],"v":[[10.626,2.932],[-0.444,-3.736],[-4.126,-3.784],[-1.826,5.807],[-1.453,6.621],[-2.591,5.17],[-6.618,-3.517],[-10.626,-2.417],[-0.235,-6.22]],"c":true},"ix":2},"nm":"Path 1","mn":"ADBE Vector Shape - Group","hd":false},{"ty":"fl","c":{"a":0,"k":[0.955448584463,0.636019478592,0.505214377011,1],"ix":4},"o":{"a":0,"k":100,"ix":5},"r":1,"bm":0,"nm":"Fill 1","mn":"ADBE Vector Graphic - Fill","hd":false},{"ty":"tr","p":{"a":0,"k":[47.354,129.945],"ix":2},"a":{"a":0,"k":[0,0],"ix":1},"s":{"a":0,"k":[100,100],"ix":3},"r":{"a":0,"k":0,"ix":6},"o":{"a":0,"k":100,"ix":7},"sk":{"a":0,"k":0,"ix":4},"sa":{"a":0,"k":0,"ix":5},"nm":"Transform"}],"nm":"Group 19","np":2,"cix":2,"bm":0,"ix":19,"mn":"ADBE Vector Group","hd":false},{"ty":"gr","it":[{"ind":0,"ty":"sh","ix":1,"ks":{"a":0,"k":{"i":[[0,0],[0,0],[0.085,-0.093],[0.454,-0.413],[0.143,-0.122],[0.085,-0.066],[0.03,-0.021],[0.682,-0.397],[3.295,1.921],[0.621,0.501],[0.047,0.04],[0.201,0.185],[0.072,0.074],[0.337,0.384],[0.074,0.087],[0,0],[0,0],[0,0],[-0.78,-0.313],[-0.645,-0.178],[-0.674,-0.103],[-0.928,0],[-1.502,0.403],[-0.011,0.006],[-0.032,0.008],[-0.074,0.023],[-1.25,0.724],[0,0]],"o":[[0,0],[-0.08,0.093],[-0.403,0.465],[-0.14,0.128],[-0.083,0.069],[-0.029,0.024],[-0.618,0.499],[-3.296,1.919],[-0.69,-0.398],[-0.05,-0.04],[-0.213,-0.172],[-0.075,-0.064],[-0.371,-0.345],[-0.077,-0.088],[0,0],[0,0],[0,0],[0.732,0.424],[0.623,0.249],[0.655,0.181],[0.912,0.143],[1.569,0],[0.011,-0.002],[0.031,-0.007],[0.074,-0.022],[1.377,-0.396],[0,0],[0,0]],"v":[[9.573,-2.762],[9.56,-2.741],[9.316,-2.46],[8.026,-1.144],[7.602,-0.769],[7.355,-0.568],[7.27,-0.502],[5.315,0.843],[-5.314,0.841],[-7.283,-0.512],[-7.431,-0.632],[-8.052,-1.17],[-8.273,-1.377],[-9.331,-2.475],[-9.559,-2.741],[-9.573,-2.762],[-9.191,-2.542],[-8.928,-2.388],[-6.659,-1.279],[-4.757,-0.637],[-2.764,-0.207],[0,0.01],[4.625,-0.6],[4.657,-0.611],[4.75,-0.634],[4.975,-0.7],[8.931,-2.388],[9.168,-2.523]],"c":true},"ix":2},"nm":"Path 1","mn":"ADBE Vector Shape - Group","hd":false},{"ty":"fl","c":{"a":0,"k":[0.955448584463,0.636019478592,0.505214377011,1],"ix":4},"o":{"a":0,"k":100,"ix":5},"r":1,"bm":0,"nm":"Fill 1","mn":"ADBE Vector Graphic - Fill","hd":false},{"ty":"tr","p":{"a":0,"k":[122.932,130.678],"ix":2},"a":{"a":0,"k":[0,0],"ix":1},"s":{"a":0,"k":[100,100],"ix":3},"r":{"a":0,"k":0,"ix":6},"o":{"a":0,"k":100,"ix":7},"sk":{"a":0,"k":0,"ix":4},"sa":{"a":0,"k":0,"ix":5},"nm":"Transform"}],"nm":"Group 20","np":2,"cix":2,"bm":0,"ix":20,"mn":"ADBE Vector Group","hd":false},{"ty":"gr","it":[{"ind":0,"ty":"sh","ix":1,"ks":{"a":0,"k":{"i":[[-0.33,-0.041],[0.094,-0.073],[0.034,-0.027],[0.73,-0.425],[2.038,0],[1.77,1.033],[0.666,0.538],[0.054,0.044],[0.062,0.054],[-0.326,0.03],[-0.833,0.004],[-0.675,-0.103],[-0.928,0],[-1.501,0.404],[-0.009,0.004],[-0.033,0.008],[-0.847,-0.079]],"o":[[-0.097,0.081],[-0.025,0.02],[-0.643,0.514],[-1.772,1.031],[-2.04,0],[-0.723,-0.418],[-0.049,-0.038],[-0.061,-0.049],[0.328,-0.041],[0.851,-0.077],[0.656,0.18],[0.914,0.145],[1.568,0],[0.01,-0.002],[0.033,-0.009],[0.832,0.008],[0.328,0.03]],"v":[[8.261,-1.526],[7.984,-1.298],[7.895,-1.228],[5.83,0.19],[0.007,1.767],[-5.819,0.189],[-7.915,-1.253],[-8.075,-1.382],[-8.261,-1.538],[-7.279,-1.642],[-4.753,-1.767],[-2.76,-1.337],[0.005,-1.121],[4.629,-1.73],[4.661,-1.74],[4.755,-1.764],[7.275,-1.633]],"c":true},"ix":2},"nm":"Path 1","mn":"ADBE Vector Shape - Group","hd":false},{"ty":"fl","c":{"a":0,"k":[0.401894333783,0.260652519675,0.260652519675,1],"ix":4},"o":{"a":0,"k":100,"ix":5},"r":1,"bm":0,"nm":"Fill 1","mn":"ADBE Vector Graphic - Fill","hd":false},{"ty":"tr","p":{"a":0,"k":[122.928,132.207],"ix":2},"a":{"a":0,"k":[0,0],"ix":1},"s":{"a":0,"k":[100,100],"ix":3},"r":{"a":0,"k":0,"ix":6},"o":{"a":0,"k":100,"ix":7},"sk":{"a":0,"k":0,"ix":4},"sa":{"a":0,"k":0,"ix":5},"nm":"Transform"}],"nm":"Group 21","np":2,"cix":2,"bm":0,"ix":21,"mn":"ADBE Vector Group","hd":false},{"ty":"gr","it":[{"ind":0,"ty":"sh","ix":1,"ks":{"a":0,"k":{"i":[[-1.545,-3.113],[2.584,-0.157],[4.38,1.617],[2.715,2.57],[4.063,-1.498],[4.191,0.257],[2.252,0.798],[-3.261,2.398],[-2.868,1.062],[-2.469,0.3],[-0.326,0.03],[-0.832,0.004],[-0.674,-0.103],[-0.928,0],[-1.501,0.403],[-0.01,0.004],[-0.033,0.007],[-0.847,-0.079],[-0.33,-0.04],[-2.434,-0.901],[-2.22,-1.633]],"o":[[-2.252,0.798],[-4.189,0.257],[-4.064,-1.498],[-2.716,2.57],[-4.38,1.617],[-2.583,-0.157],[1.547,-3.113],[2.222,-1.635],[2.468,-0.913],[0.328,-0.04],[0.851,-0.077],[0.656,0.18],[0.914,0.144],[1.568,0],[0.009,-0.002],[0.032,-0.008],[0.833,0.007],[0.328,0.031],[2.433,0.307],[2.87,1.057],[3.261,2.4]],"v":[[30.62,6.42],[23.315,7.87],[10.253,5.885],[0,-0.359],[-10.249,5.885],[-23.316,7.87],[-30.62,6.42],[-23.316,-2.002],[-15.65,-6.089],[-8.208,-7.898],[-7.227,-8.003],[-4.701,-8.127],[-2.708,-7.698],[0.057,-7.48],[4.682,-8.091],[4.714,-8.101],[4.807,-8.125],[7.327,-7.993],[8.313,-7.886],[15.65,-6.089],[23.315,-2.003]],"c":true},"ix":2},"nm":"Path 1","mn":"ADBE Vector Shape - Group","hd":false},{"ty":"fl","c":{"a":0,"k":[0.509001907648,0.334603672402,0.297618701411,1],"ix":4},"o":{"a":0,"k":100,"ix":5},"r":1,"bm":0,"nm":"Fill 1","mn":"ADBE Vector Graphic - Fill","hd":false},{"ty":"tr","p":{"a":0,"k":[122.875,138.567],"ix":2},"a":{"a":0,"k":[0,0],"ix":1},"s":{"a":0,"k":[100,100],"ix":3},"r":{"a":0,"k":0,"ix":6},"o":{"a":0,"k":100,"ix":7},"sk":{"a":0,"k":0,"ix":4},"sa":{"a":0,"k":0,"ix":5},"nm":"Transform"}],"nm":"Group 22","np":2,"cix":2,"bm":0,"ix":22,"mn":"ADBE Vector Group","hd":false},{"ty":"gr","it":[{"ind":0,"ty":"sh","ix":1,"ks":{"a":0,"k":{"i":[[0,-0.996],[3.253,0],[0,0.996],[-3.253,0]],"o":[[0,0.996],[-3.253,0],[0,-0.996],[3.253,0]],"v":[[5.891,0],[-0.001,1.803],[-5.891,0],[-0.001,-1.803]],"c":true},"ix":2},"nm":"Path 1","mn":"ADBE Vector Shape - Group","hd":false},{"ty":"fl","c":{"a":0,"k":[0.977253693225,0.851184740254,0.76587973202,1],"ix":4},"o":{"a":0,"k":100,"ix":5},"r":1,"bm":0,"nm":"Fill 1","mn":"ADBE Vector Graphic - Fill","hd":false},{"ty":"tr","p":{"a":0,"k":[122.876,123.033],"ix":2},"a":{"a":0,"k":[0,0],"ix":1},"s":{"a":0,"k":[100,100],"ix":3},"r":{"a":0,"k":0,"ix":6},"o":{"a":0,"k":100,"ix":7},"sk":{"a":0,"k":0,"ix":4},"sa":{"a":0,"k":0,"ix":5},"nm":"Transform"}],"nm":"Group 23","np":2,"cix":2,"bm":0,"ix":23,"mn":"ADBE Vector Group","hd":false},{"ty":"gr","it":[{"ind":0,"ty":"sh","ix":1,"ks":{"a":0,"k":{"i":[[-0.015,-0.192],[-0.044,-0.568],[16.324,0],[14.111,1.369],[-0.031,0.427],[-1.039,8.528],[-0.134,1.032],[-0.08,0.617],[-0.005,0.036],[-0.005,0.031],[-0.092,0.666],[-0.031,0.215],[0,0],[-0.092,0.654],[-0.068,0.467],[-0.048,0.327],[-0.08,0.539],[-0.056,0.363],[-0.095,0.614],[-0.138,0.867],[-0.143,0.879],[-0.298,1.72],[-0.092,0.519],[-0.104,0.575],[-0.138,0.748],[-0.126,0.678],[-0.024,0.124],[-0.148,0.766],[-0.139,0.712],[-0.087,0.425],[-0.126,0.631],[-0.177,0.859],[-0.372,1.717],[-0.005,0.031],[-0.272,1.214],[-0.589,2.486],[-0.964,3.713],[-0.672,2.467],[-0.665,2.307],[-0.044,0.151],[-2.246,6.796],[-0.144,0.444],[-0.138,0.447],[-0.133,0.449],[-0.158,0.537],[-0.435,1.622],[-0.015,0.051],[-0.014,0.051],[-0.112,0.451],[-0.109,0.454],[-0.301,1.375],[-0.08,0.376],[-0.007,0.039],[-0.007,0.039],[-0.182,0.925],[0,0],[-0.073,0.735],[0,0],[0,0],[-4.392,-0.005],[0,0],[-4.308,0.25],[0,0],[-0.144,-0.733],[0,0],[-0.095,-0.462],[-0.005,-0.022],[-0.053,-0.25],[-0.051,-0.233],[-0.18,-0.791],[-0.095,-0.396],[-0.097,-0.395],[-0.097,-0.395],[-0.105,-0.396],[-0.454,-1.566],[-0.118,-0.391],[-0.119,-0.391],[-0.246,-0.779],[-0.258,-0.773],[-0.803,-2.559],[-0.264,-0.855],[-0.739,-2.512],[-0.264,-0.917],[-0.153,-0.551],[-0.051,-0.178],[-0.051,-0.179],[0,0],[-0.415,-1.542],[-0.102,-0.386],[-0.102,-0.385],[-0.199,-0.772],[-0.198,-0.772],[-0.376,-1.549],[-0.544,-2.326],[-0.966,-4.679],[-0.305,-1.561],[-0.153,-0.781],[-0.146,-0.784],[-0.146,-0.782],[-0.404,-2.35],[-0.241,-1.476],[-0.043,-0.276],[-0.096,-0.61],[-0.131,-0.847],[-0.109,-0.725],[-0.113,-0.787],[-0.068,-0.483],[-0.058,-0.43],[-0.009,-0.067],[-0.08,-0.559],[-0.056,-0.418],[-0.06,-0.488],[-0.089,-0.713],[-0.17,-1.418],[-0.025,-0.234],[-0.075,-0.649],[-0.104,-0.946],[-0.103,-1.008],[-0.07,-0.686],[-0.068,-0.692],[-0.056,-0.564],[-0.156,-1.853],[-0.038,-0.493],[-0.075,-0.979]],"o":[[0.044,0.568],[-13.687,1.267],[-17.012,0],[0.029,-0.428],[0.646,-8.571],[0.124,-1.031],[0.078,-0.617],[0.005,-0.036],[0.005,-0.031],[0.087,-0.666],[0.026,-0.216],[0,0],[0.087,-0.652],[0.063,-0.462],[0.046,-0.325],[0.078,-0.538],[0.053,-0.364],[0.092,-0.616],[0.133,-0.869],[0.136,-0.877],[0.279,-1.72],[0.087,-0.521],[0.099,-0.578],[0.131,-0.75],[0.122,-0.675],[0.022,-0.124],[0.144,-0.765],[0.134,-0.712],[0.082,-0.427],[0.124,-0.632],[0.173,-0.862],[0.355,-1.719],[0.007,-0.029],[0.267,-1.22],[0.558,-2.494],[0.889,-3.729],[0.641,-2.471],[0.639,-2.316],[0.042,-0.15],[1.983,-6.868],[0.15,-0.447],[0.143,-0.447],[0.146,-0.449],[0.166,-0.534],[0.481,-1.606],[0.015,-0.051],[0.012,-0.051],[0.122,-0.452],[0.119,-0.454],[0.341,-1.367],[0.087,-0.373],[0.007,-0.041],[0.008,-0.041],[0.204,-0.918],[0,0],[0.144,-0.728],[0,0],[0,0],[4.266,0.245],[0,0],[4.432,0],[0,0],[0.074,0.738],[0,0],[0.091,0.461],[0.008,0.021],[0.05,0.25],[0.049,0.233],[0.171,0.796],[0.094,0.399],[0.095,0.398],[0.098,0.396],[0.103,0.396],[0.41,1.574],[0.111,0.389],[0.116,0.391],[0.235,0.779],[0.247,0.775],[0.841,2.547],[0.268,0.852],[0.78,2.502],[0.271,0.916],[0.158,0.552],[0.051,0.175],[0.048,0.177],[0,0],[0.432,1.532],[0.104,0.383],[0.105,0.386],[0.206,0.773],[0.202,0.772],[0.403,1.544],[0.58,2.318],[1.095,4.655],[0.328,1.558],[0.159,0.785],[0.156,0.78],[0.148,0.782],[0.439,2.35],[0.256,1.474],[0.046,0.275],[0.097,0.605],[0.139,0.847],[0.111,0.726],[0.124,0.787],[0.067,0.483],[0.063,0.428],[0.01,0.068],[0.081,0.559],[0.058,0.418],[0.065,0.485],[0.1,0.714],[0.185,1.416],[0.034,0.231],[0.075,0.648],[0.112,0.942],[0.113,1.003],[0.072,0.687],[0.071,0.69],[0.054,0.566],[0.177,1.845],[0.043,0.493],[0.083,0.974],[0.015,0.189]],"v":[[46.175,77.551],[46.303,79.253],[0.861,81.232],[-46.303,79.089],[-46.212,77.806],[-43.682,52.156],[-43.295,49.06],[-43.058,47.208],[-43.042,47.097],[-43.031,47.005],[-42.764,45.006],[-42.676,44.359],[-42.632,44.037],[-42.36,42.076],[-42.163,40.682],[-42.023,39.703],[-41.787,38.084],[-41.624,36.996],[-41.346,35.149],[-40.941,32.547],[-40.52,29.911],[-39.653,24.747],[-39.381,23.188],[-39.075,21.456],[-38.67,19.21],[-38.296,17.182],[-38.229,16.812],[-37.791,14.515],[-37.381,12.38],[-37.128,11.104],[-36.752,9.211],[-36.226,6.63],[-35.137,1.474],[-35.118,1.385],[-34.314,-2.266],[-32.593,-9.737],[-29.816,-20.901],[-27.842,-28.311],[-25.89,-35.245],[-25.76,-35.696],[-19.413,-56.193],[-18.976,-57.531],[-18.554,-58.868],[-18.137,-60.214],[-17.652,-61.821],[-16.285,-66.665],[-16.243,-66.818],[-16.205,-66.971],[-15.85,-68.328],[-15.506,-69.693],[-14.538,-73.799],[-14.288,-74.925],[-14.262,-75.049],[-14.238,-75.173],[-13.666,-77.928],[-13.454,-79.021],[-13.131,-81.225],[-13.131,-81.232],[-13.121,-81.232],[-0.127,-80.852],[0.004,-80.852],[13.111,-81.232],[13.113,-81.232],[13.436,-79.021],[13.65,-77.928],[13.926,-76.549],[13.941,-76.48],[14.097,-75.73],[14.246,-75.032],[14.774,-72.652],[15.053,-71.464],[15.339,-70.276],[15.633,-69.091],[15.938,-67.906],[17.23,-63.193],[17.569,-62.023],[17.92,-60.852],[18.642,-58.516],[19.397,-56.193],[21.865,-48.532],[22.665,-45.971],[24.941,-38.448],[25.743,-35.696],[26.214,-34.042],[26.368,-33.516],[26.515,-32.985],[27.048,-31.092],[28.317,-26.482],[28.626,-25.329],[28.936,-24.173],[29.545,-21.862],[30.144,-19.545],[31.313,-14.907],[32.995,-7.94],[36.087,6.06],[37.035,10.739],[37.498,13.083],[37.946,15.43],[38.389,17.778],[39.652,24.831],[40.394,29.255],[40.527,30.085],[40.821,31.904],[41.219,34.448],[41.55,36.622],[41.902,38.985],[42.11,40.433],[42.292,41.721],[42.321,41.925],[42.558,43.603],[42.727,44.854],[42.918,46.315],[43.197,48.451],[43.727,52.698],[43.816,53.398],[44.042,55.347],[44.365,58.178],[44.689,61.194],[44.904,63.258],[45.113,65.326],[45.277,67.021],[45.772,72.569],[45.895,74.047],[46.131,76.978]],"c":true},"ix":2},"nm":"Path 1","mn":"ADBE Vector Shape - Group","hd":false},{"ty":"fl","c":{"a":0,"k":[0.811764765721,0.831372608858,0.90588241278,1],"ix":4},"o":{"a":0,"k":100,"ix":5},"r":1,"bm":0,"nm":"Fill 1","mn":"ADBE Vector Graphic - Fill","hd":false},{"ty":"tr","p":{"a":0,"k":[122.875,280.215],"ix":2},"a":{"a":0,"k":[0,0],"ix":1},"s":{"a":0,"k":[100,100],"ix":3},"r":{"a":0,"k":0,"ix":6},"o":{"a":0,"k":100,"ix":7},"sk":{"a":0,"k":0,"ix":4},"sa":{"a":0,"k":0,"ix":5},"nm":"Transform"}],"nm":"Group 24","np":2,"cix":2,"bm":0,"ix":24,"mn":"ADBE Vector Group","hd":false},{"ty":"gr","it":[{"ind":0,"ty":"sh","ix":1,"ks":{"a":0,"k":{"i":[[-1.125,0.364],[2.064,0],[0.119,2.034],[-1.42,0]],"o":[[-0.119,2.034],[-2.064,0],[1.126,0.364],[1.419,0]],"v":[[3.871,-1.824],[0,1.824],[-3.871,-1.824],[0,-1.249]],"c":true},"ix":2},"nm":"Path 1","mn":"ADBE Vector Shape - Group","hd":false},{"ty":"fl","c":{"a":0,"k":[0.955448584463,0.636019478592,0.505214377011,1],"ix":4},"o":{"a":0,"k":100,"ix":5},"r":1,"bm":0,"nm":"Fill 1","mn":"ADBE Vector Graphic - Fill","hd":false},{"ty":"tr","p":{"a":0,"k":[122.905,151.076],"ix":2},"a":{"a":0,"k":[0,0],"ix":1},"s":{"a":0,"k":[100,100],"ix":3},"r":{"a":0,"k":0,"ix":6},"o":{"a":0,"k":100,"ix":7},"sk":{"a":0,"k":0,"ix":4},"sa":{"a":0,"k":0,"ix":5},"nm":"Transform"}],"nm":"Group 25","np":2,"cix":2,"bm":0,"ix":25,"mn":"ADBE Vector Group","hd":false},{"ty":"gr","it":[{"ind":0,"ty":"sh","ix":1,"ks":{"a":0,"k":{"i":[[0.024,-0.187],[-0.313,0.381],[-5.176,1.986],[-2.511,0.301],[0,0],[0.578,0.01],[2.025,-0.682],[0.243,-0.095],[1.835,-2.02],[0.585,-0.942],[0.374,-2.403]],"o":[[0.284,-0.393],[2.979,-3.644],[2.549,-0.981],[0,0],[-0.57,-0.067],[-2.035,-0.046],[-0.247,0.083],[-2.727,1.049],[-0.75,0.823],[-1.273,2.059],[-0.026,0.187]],"v":[[-10.477,7.966],[-9.581,6.808],[2.843,-1.942],[10.477,-3.856],[9.59,-7.804],[7.869,-7.92],[1.738,-6.978],[1.005,-6.713],[-5.888,-2.008],[-7.891,0.646],[-10.397,7.41]],"c":true},"ix":2},"nm":"Path 1","mn":"ADBE Vector Shape - Group","hd":false},{"ty":"fl","c":{"a":0,"k":[0.509001907648,0.334603672402,0.297618701411,1],"ix":4},"o":{"a":0,"k":100,"ix":5},"r":1,"bm":0,"nm":"Fill 1","mn":"ADBE Vector Graphic - Fill","hd":false},{"ty":"tr","p":{"a":0,"k":[84.987,83.137],"ix":2},"a":{"a":0,"k":[0,0],"ix":1},"s":{"a":0,"k":[100,100],"ix":3},"r":{"a":0,"k":0,"ix":6},"o":{"a":0,"k":100,"ix":7},"sk":{"a":0,"k":0,"ix":4},"sa":{"a":0,"k":0,"ix":5},"nm":"Transform"}],"nm":"Group 26","np":2,"cix":2,"bm":0,"ix":26,"mn":"ADBE Vector Group","hd":false},{"ty":"gr","it":[{"ind":0,"ty":"sh","ix":1,"ks":{"a":0,"k":{"i":[[-0.023,-0.187],[0.314,0.381],[5.176,1.986],[2.511,0.301],[0,0],[-0.577,0.01],[-2.024,-0.682],[-0.244,-0.095],[-1.835,-2.02],[-0.586,-0.942],[-0.374,-2.403]],"o":[[-0.284,-0.393],[-2.979,-3.644],[-2.55,-0.981],[0,0],[0.57,-0.067],[2.035,-0.046],[0.248,0.083],[2.726,1.049],[0.751,0.823],[1.272,2.059],[0.027,0.187]],"v":[[10.477,7.966],[9.58,6.808],[-2.843,-1.942],[-10.477,-3.856],[-9.59,-7.804],[-7.87,-7.92],[-1.739,-6.978],[-1.005,-6.713],[5.887,-2.008],[7.891,0.646],[10.396,7.41]],"c":true},"ix":2},"nm":"Path 1","mn":"ADBE Vector Shape - Group","hd":false},{"ty":"fl","c":{"a":0,"k":[0.509001907648,0.334603672402,0.297618701411,1],"ix":4},"o":{"a":0,"k":100,"ix":5},"r":1,"bm":0,"nm":"Fill 1","mn":"ADBE Vector Graphic - Fill","hd":false},{"ty":"tr","p":{"a":0,"k":[161.284,83.137],"ix":2},"a":{"a":0,"k":[0,0],"ix":1},"s":{"a":0,"k":[100,100],"ix":3},"r":{"a":0,"k":0,"ix":6},"o":{"a":0,"k":100,"ix":7},"sk":{"a":0,"k":0,"ix":4},"sa":{"a":0,"k":0,"ix":5},"nm":"Transform"}],"nm":"Group 27","np":2,"cix":2,"bm":0,"ix":27,"mn":"ADBE Vector Group","hd":false},{"ty":"gr","it":[{"ind":0,"ty":"sh","ix":1,"ks":{"a":0,"k":{"i":[[0,0],[0,0],[0,0],[0.235,-1.926],[7.435,0],[1.596,6.63],[1.168,3.168],[0,0],[1.777,2.28],[0.02,0.025],[2.368,-0.027],[0,0],[1.6,-2.039],[0.017,-0.026],[1.012,-2.749],[0,0],[0.792,-3.281],[7.028,0],[0.877,7.194],[0.319,1.916],[0,0],[0,0],[0,0],[0,0],[0,0],[0,0],[-3.274,-1.831],[-2.639,-0.659],[-5.461,1.356],[0,0],[-2.204,1.173],[-4.575,2.009],[0,0],[0,0]],"o":[[0,0],[0,0],[-0.317,1.916],[-0.877,7.194],[-7.028,0],[-0.791,-3.281],[0,0],[-1.013,-2.749],[-0.017,-0.026],[-1.599,-2.039],[0,0],[-2.368,-0.027],[-0.019,0.025],[-1.777,2.28],[0,0],[-1.168,3.168],[-1.594,6.63],[-7.435,0],[-0.235,-1.926],[0,0],[0,0],[0,0],[0,0],[0,0],[0,0],[3.41,1.564],[2.365,1.322],[5.459,1.363],[0,0],[2.433,-0.608],[4.411,-2.347],[0,0],[0,0],[0,0]],"v":[[47.125,-7.486],[47.182,-7.171],[45.159,6.113],[44.388,11.882],[29.943,24.65],[14.5,13.033],[11.656,3.326],[10.633,0.536],[6.419,-7.047],[6.36,-7.12],[0.021,-10.142],[-0.022,-10.142],[-6.362,-7.12],[-6.419,-7.047],[-10.632,0.536],[-11.656,3.326],[-14.5,13.033],[-29.944,24.65],[-44.388,11.882],[-45.16,6.113],[-47.182,-7.171],[-47.125,-7.486],[-48.833,-8.88],[-43.388,-17.958],[-28.35,-24.65],[-25.871,-23.512],[-15.872,-18.359],[-8.336,-15.372],[8.294,-15.362],[8.336,-15.372],[15.314,-18.055],[28.766,-24.65],[43.387,-17.958],[48.833,-8.88]],"c":true},"ix":2},"nm":"Path 1","mn":"ADBE Vector Shape - Group","hd":false},{"ty":"fl","c":{"a":0,"k":[0.959242996515,0.65023354923,0.47961916456,1],"ix":4},"o":{"a":0,"k":100,"ix":5},"r":1,"bm":0,"nm":"Fill 1","mn":"ADBE Vector Graphic - Fill","hd":false},{"ty":"tr","p":{"a":0,"k":[122.928,99.983],"ix":2},"a":{"a":0,"k":[0,0],"ix":1},"s":{"a":0,"k":[100,100],"ix":3},"r":{"a":0,"k":0,"ix":6},"o":{"a":0,"k":100,"ix":7},"sk":{"a":0,"k":0,"ix":4},"sa":{"a":0,"k":0,"ix":5},"nm":"Transform"}],"nm":"Group 28","np":2,"cix":2,"bm":0,"ix":28,"mn":"ADBE Vector Group","hd":false},{"ty":"gr","it":[{"ind":0,"ty":"sh","ix":1,"ks":{"a":0,"k":{"i":[[-17.527,10.979],[1.294,-1.66],[2.517,-1.807],[2.957,-1.034],[0,0],[2.653,-5.303],[0,-3.516],[-0.07,-0.726],[-0.146,-0.733],[0,0],[-0.094,-0.457],[-0.005,-0.022],[-0.052,-0.25],[-0.235,-1.024],[-0.094,-0.396],[-0.096,-0.395],[-0.101,-0.395],[-0.104,-0.396],[-0.454,-1.566],[-0.117,-0.391],[-0.12,-0.387],[-0.246,-0.779],[-0.258,-0.773],[-0.612,-1.916],[-0.201,-0.641],[-0.265,-0.855],[-0.993,-3.435],[-0.157,-0.551],[-0.052,-0.177],[-0.024,-0.087],[-0.024,-0.09],[0,0],[-0.415,-1.542],[-0.103,-0.386],[-0.101,-0.385],[-0.202,-0.772],[-0.197,-0.772],[-0.384,-1.548],[-0.549,-2.326],[-0.971,-4.679],[-0.311,-1.561],[-0.154,-0.781],[-0.147,-0.784],[-0.145,-0.781],[-0.408,-2.35],[-0.243,-1.477],[-0.043,-0.276],[-0.097,-0.609],[-0.131,-0.847],[-0.109,-0.725],[-0.112,-0.786],[-0.067,-0.483],[-0.059,-0.43],[-0.01,-0.068],[-0.08,-0.559],[-0.056,-0.418],[-0.061,-0.488],[-0.09,-0.714],[-0.17,-1.418],[-0.024,-0.234],[-0.076,-0.649],[-0.105,-0.946],[-0.102,-1.007],[-0.07,-0.687],[-0.034,-0.345],[-0.033,-0.347],[-0.056,-0.564],[-0.155,-1.852],[-0.038,-0.493],[-0.075,-0.979],[-0.014,-0.193],[-0.044,-0.568],[16.323,0],[14.112,1.369],[0,0],[-0.035,0.426],[-0.082,1.007],[-0.009,0.112],[-0.09,1.018],[-0.1,1.071],[-0.104,1.068],[-0.112,1.068],[-0.391,3.199],[-0.134,1.032],[-0.08,0.617],[-0.005,0.036],[-0.005,0.031],[-0.059,0.435],[-0.032,0.231],[-0.032,0.216],[0,0],[-0.092,0.654],[-0.068,0.467],[-0.049,0.326],[-0.08,0.539],[-0.056,0.362],[-0.094,0.614],[-0.139,0.867],[-0.143,0.879],[-0.296,1.722],[-0.092,0.519],[-0.104,0.575],[-0.138,0.748],[-0.127,0.677],[-0.025,0.124],[-0.148,0.766],[-0.138,0.712],[-0.088,0.424],[-0.126,0.631],[-0.178,0.859],[-0.371,1.717],[-0.005,0.032],[-0.272,1.214],[-0.595,2.486],[-0.969,3.713],[-0.677,2.467],[-0.712,2.457],[-2.249,6.796],[-0.144,0.444],[-0.14,0.447],[-0.138,0.449],[-0.158,0.537],[-0.085,0.301],[-0.085,0.302],[-0.085,0.301],[-0.189,0.709],[-0.015,0.051],[-0.012,0.051],[-0.116,0.452],[-0.109,0.454],[-0.308,1.37],[-0.085,0.374],[-0.007,0.039],[-0.007,0.039],[-0.182,0.923],[0,0],[0,1.469],[1.59,3.178],[5.596,1.954],[0,0],[2.52,1.808],[1.93,2.467],[0.947,1.862],[-21.247,-0.043],[0,0]],"o":[[-0.944,1.862],[-1.928,2.467],[-2.521,1.808],[0,0],[-5.597,1.954],[-1.593,3.178],[0,0.729],[0.073,0.738],[0,0],[0.09,0.462],[0.008,0.021],[0.051,0.25],[0.214,1.029],[0.095,0.399],[0.09,0.395],[0.095,0.396],[0.098,0.396],[0.41,1.574],[0.111,0.388],[0.111,0.391],[0.235,0.779],[0.242,0.774],[0.631,1.91],[0.204,0.638],[0.267,0.852],[1.056,3.416],[0.16,0.552],[0.051,0.174],[0.024,0.09],[0.024,0.088],[0,0],[0.427,1.532],[0.105,0.383],[0.104,0.386],[0.206,0.773],[0.202,0.772],[0.399,1.542],[0.575,2.319],[1.088,4.652],[0.323,1.558],[0.155,0.785],[0.155,0.78],[0.147,0.782],[0.435,2.351],[0.252,1.474],[0.046,0.274],[0.098,0.605],[0.139,0.848],[0.112,0.726],[0.124,0.787],[0.067,0.484],[0.063,0.427],[0.009,0.068],[0.08,0.558],[0.059,0.418],[0.066,0.485],[0.099,0.713],[0.184,1.416],[0.034,0.231],[0.075,0.648],[0.112,0.942],[0.112,1.003],[0.072,0.688],[0.036,0.345],[0.035,0.343],[0.057,0.566],[0.178,1.845],[0.043,0.494],[0.083,0.974],[0.015,0.189],[0.044,0.568],[-13.686,1.267],[-17.013,0],[0,0],[0.031,-0.428],[0.075,-1.01],[0.008,-0.114],[0.083,-1.02],[0.092,-1.07],[0.099,-1.067],[0.107,-1.068],[0.335,-3.204],[0.124,-1.031],[0.077,-0.618],[0.005,-0.036],[0.005,-0.032],[0.058,-0.438],[0.029,-0.23],[0.029,-0.216],[0,0],[0.088,-0.652],[0.063,-0.463],[0.046,-0.325],[0.077,-0.538],[0.054,-0.364],[0.092,-0.616],[0.134,-0.87],[0.135,-0.877],[0.281,-1.721],[0.09,-0.519],[0.1,-0.579],[0.131,-0.75],[0.121,-0.675],[0.022,-0.124],[0.143,-0.765],[0.133,-0.712],[0.083,-0.427],[0.123,-0.632],[0.172,-0.862],[0.354,-1.719],[0.008,-0.029],[0.267,-1.219],[0.553,-2.494],[0.884,-3.729],[0.636,-2.471],[0.676,-2.464],[1.981,-6.868],[0.148,-0.447],[0.143,-0.447],[0.141,-0.447],[0.165,-0.534],[0.09,-0.3],[0.09,-0.301],[0.087,-0.303],[0.199,-0.706],[0.015,-0.051],[0.012,-0.051],[0.122,-0.452],[0.119,-0.454],[0.335,-1.367],[0.083,-0.376],[0.007,-0.041],[0.007,-0.041],[0.197,-0.918],[0,0],[0.286,-1.455],[0,-3.516],[-2.654,-5.303],[0,0],[-2.957,-1.034],[-2.518,-1.807],[-1.294,-1.66],[17.53,10.979],[0,0],[21.25,-0.043]],"v":[[58.914,-103.24],[55.545,-97.939],[48.842,-91.502],[40.592,-87.215],[28.289,-82.917],[15.427,-71.595],[13.019,-61.408],[13.125,-59.225],[13.448,-57.014],[13.66,-55.921],[13.94,-54.541],[13.954,-54.473],[14.109,-53.723],[14.787,-50.645],[15.066,-49.457],[15.352,-48.269],[15.646,-47.084],[15.951,-45.899],[17.242,-41.186],[17.582,-40.016],[17.935,-38.844],[18.655,-36.509],[19.405,-34.186],[21.272,-28.443],[21.879,-26.525],[22.678,-23.964],[25.753,-13.689],[26.227,-12.035],[26.381,-11.509],[26.453,-11.244],[26.526,-10.977],[27.06,-9.085],[28.328,-4.475],[28.639,-3.321],[28.949,-2.167],[29.56,0.146],[30.156,2.462],[31.326,7.099],[33.009,14.068],[36.1,28.068],[37.049,32.746],[37.511,35.091],[37.961,37.437],[38.401,39.784],[39.664,46.838],[40.407,51.262],[40.54,52.091],[40.834,53.91],[41.232,56.454],[41.562,58.63],[41.915,60.992],[42.123,62.44],[42.306,63.729],[42.336,63.932],[42.57,65.61],[42.74,66.862],[42.932,68.323],[43.211,70.458],[43.74,74.706],[43.828,75.406],[44.056,77.354],[44.379,80.185],[44.702,83.201],[44.918,85.264],[45.022,86.298],[45.125,87.333],[45.289,89.029],[45.785,94.576],[45.909,96.055],[46.144,98.985],[46.188,99.558],[46.316,101.26],[0.875,103.24],[-46.29,101.096],[-46.294,101.096],[-46.198,99.813],[-45.961,96.785],[-45.934,96.445],[-45.676,93.388],[-45.387,90.178],[-45.082,86.971],[-44.755,83.766],[-43.668,74.164],[-43.281,71.066],[-43.044,69.216],[-43.03,69.104],[-43.017,69.013],[-42.845,67.703],[-42.753,67.013],[-42.663,66.365],[-42.62,66.044],[-42.348,64.083],[-42.151,62.69],[-42.009,61.711],[-41.775,60.091],[-41.612,59.003],[-41.332,57.156],[-40.926,54.554],[-40.507,51.919],[-39.641,46.755],[-39.368,45.195],[-39.062,43.463],[-38.656,41.216],[-38.283,39.19],[-38.215,38.819],[-37.777,36.522],[-37.367,34.387],[-37.115,33.111],[-36.738,31.219],[-36.211,28.638],[-35.125,23.481],[-35.104,23.391],[-34.301,19.742],[-32.579,12.271],[-29.801,1.107],[-27.828,-6.303],[-25.75,-13.689],[-19.403,-34.186],[-18.966,-35.524],[-18.542,-36.861],[-18.124,-38.206],[-17.638,-39.814],[-17.374,-40.719],[-17.111,-41.626],[-16.854,-42.533],[-16.271,-44.657],[-16.229,-44.811],[-16.194,-44.964],[-15.836,-46.321],[-15.492,-47.686],[-14.526,-51.791],[-14.275,-52.917],[-14.249,-53.041],[-14.224,-53.165],[-13.659,-55.921],[-13.445,-57.014],[-13.018,-61.408],[-15.424,-71.595],[-28.286,-82.917],[-40.59,-87.215],[-48.84,-91.502],[-55.546,-97.939],[-58.914,-103.24],[-0.125,-85.98],[0.125,-85.98]],"c":true},"ix":2},"nm":"Path 1","mn":"ADBE Vector Shape - Group","hd":false},{"ty":"fl","c":{"a":0,"k":[0.970616718367,0.684361237171,0.494784067191,1],"ix":4},"o":{"a":0,"k":100,"ix":5},"r":1,"bm":0,"nm":"Fill 1","mn":"ADBE Vector Graphic - Fill","hd":false},{"ty":"tr","p":{"a":0,"k":[122.861,258.208],"ix":2},"a":{"a":0,"k":[0,0],"ix":1},"s":{"a":0,"k":[100,100],"ix":3},"r":{"a":0,"k":0,"ix":6},"o":{"a":0,"k":100,"ix":7},"sk":{"a":0,"k":0,"ix":4},"sa":{"a":0,"k":0,"ix":5},"nm":"Transform"}],"nm":"Group 29","np":2,"cix":2,"bm":0,"ix":29,"mn":"ADBE Vector Group","hd":false},{"ty":"gr","it":[{"ind":0,"ty":"sh","ix":1,"ks":{"a":0,"k":{"i":[[0,-3.702],[4.631,0],[0,3.702],[-4.632,0]],"o":[[0,3.702],[-4.632,0],[0,-3.702],[4.631,0]],"v":[[8.386,0],[0,6.703],[-8.386,0],[0,-6.703]],"c":true},"ix":2},"nm":"Path 1","mn":"ADBE Vector Shape - Group","hd":false},{"ty":"fl","c":{"a":0,"k":[0.932703354779,0.572507551605,0.450238485897,1],"ix":4},"o":{"a":0,"k":100,"ix":5},"r":1,"bm":0,"nm":"Fill 1","mn":"ADBE Vector Graphic - Fill","hd":false},{"ty":"tr","p":{"a":0,"k":[122.876,138.208],"ix":2},"a":{"a":0,"k":[0,0],"ix":1},"s":{"a":0,"k":[100,100],"ix":3},"r":{"a":0,"k":0,"ix":6},"o":{"a":0,"k":100,"ix":7},"sk":{"a":0,"k":0,"ix":4},"sa":{"a":0,"k":0,"ix":5},"nm":"Transform"}],"nm":"Group 30","np":2,"cix":2,"bm":0,"ix":30,"mn":"ADBE Vector Group","hd":false},{"ty":"gr","it":[{"ind":0,"ty":"sh","ix":1,"ks":{"a":0,"k":{"i":[[0,0],[0,0],[0,0],[0,0],[0,0]],"o":[[0,0],[0,0],[0,0],[0,0],[0,0]],"v":[[2.261,-4.218],[0.431,12.456],[-2.261,1.02],[-1.652,-12.456],[1.715,-12.456]],"c":true},"ix":2},"nm":"Path 1","mn":"ADBE Vector Shape - Group","hd":false},{"ty":"fl","c":{"a":0,"k":[0.129815673828,0.163964978386,0.181988121482,1],"ix":4},"o":{"a":0,"k":100,"ix":5},"r":1,"bm":0,"nm":"Fill 1","mn":"ADBE Vector Graphic - Fill","hd":false},{"ty":"tr","p":{"a":0,"k":[186.995,111.479],"ix":2},"a":{"a":0,"k":[0,0],"ix":1},"s":{"a":0,"k":[100,100],"ix":3},"r":{"a":0,"k":0,"ix":6},"o":{"a":0,"k":100,"ix":7},"sk":{"a":0,"k":0,"ix":4},"sa":{"a":0,"k":0,"ix":5},"nm":"Transform"}],"nm":"Group 31","np":2,"cix":2,"bm":0,"ix":31,"mn":"ADBE Vector Group","hd":false},{"ty":"gr","it":[{"ind":0,"ty":"sh","ix":1,"ks":{"a":0,"k":{"i":[[0,-5.694],[0,0],[0.405,-0.972],[0.003,-0.007],[5.165,-1.418],[0.225,-0.032],[0.015,0],[0.086,-0.008],[0.022,0],[0.094,0],[1.424,0.261],[1.37,1.617],[0.003,0.003],[3.291,-4.219],[2.519,-1.806],[2.958,-1.034],[0,0],[2.653,-5.303],[0,-3.516],[-0.287,-1.453],[0,0],[0,0],[0,0],[0,0],[0,0],[0,0],[0,1.468],[1.591,3.179],[5.596,1.954],[0,0],[2.519,1.808],[1.929,2.469],[0.917,5.248],[3.859,0],[4.121,6.612],[0.652,1.33],[0.003,1.211],[0,0],[-5.578,0.464],[-0.007,-0.004],[-0.779,-0.058],[-1.66,-0.594],[-2.088,-2.624],[0,0],[0,0],[0,0],[0,0],[0,0],[-0.004,0.004],[-2.584,0.921],[-0.197,0.062],[-0.043,0.014],[-0.423,0.098],[-0.232,0.043],[-0.204,0.032],[-0.047,0.008],[-0.217,0.028],[-0.24,0.022],[-0.239,0.018],[-0.149,0.007],[-0.63,-0.015],[0,0]],"o":[[0,0],[-0.003,1.059],[-0.004,0.007],[-3.385,7.156],[-0.233,0.065],[-0.018,0.004],[-0.087,0.012],[-0.022,0.003],[-0.098,0.007],[-1.573,0],[-2.07,-0.381],[0,-0.003],[-0.918,5.248],[-1.928,2.469],[-2.519,1.808],[0,0],[-5.596,1.954],[-1.591,3.179],[0,1.468],[0,0],[0,0],[0,0],[0,0],[0,0],[0,0],[0.286,-1.453],[0,-3.516],[-2.653,-5.303],[0,0],[-2.958,-1.034],[-2.519,-1.806],[-3.291,-4.219],[-2.305,2.736],[-4.242,0],[-0.855,-1.377],[-0.529,-1.087],[0,0],[0,-5.698],[0.008,-0.004],[0.775,-0.019],[1.91,0.141],[2.588,0.921],[0,0],[0,0],[0,0],[0,0],[0,0],[0.004,-0.004],[2.087,-2.616],[0.192,-0.069],[0.042,-0.01],[0.407,-0.127],[0.225,-0.054],[0.199,-0.044],[0.046,-0.011],[0.214,-0.036],[0.236,-0.033],[0.235,-0.025],[0.145,-0.011],[0.631,-0.036],[0,0],[5.574,0.471]],"v":[[89.353,5.063],[89.353,5.085],[88.718,8.156],[88.707,8.176],[73.118,25.539],[72.429,25.684],[72.382,25.69],[72.121,25.72],[72.059,25.723],[71.773,25.734],[67.242,25.408],[61.968,22.614],[61.961,22.604],[55.552,37.021],[48.848,43.46],[40.598,47.747],[28.296,52.046],[15.431,63.365],[13.025,73.554],[13.453,77.947],[15.944,90.615],[0.103,92.775],[-0.006,92.79],[-0.104,92.775],[-15.954,90.615],[-13.464,77.947],[-13.037,73.554],[-15.443,63.365],[-28.306,52.046],[-40.608,47.747],[-48.858,43.46],[-55.565,37.021],[-61.973,22.604],[-71.772,25.734],[-86.246,12.667],[-88.526,8.575],[-89.353,5.085],[-89.353,5.063],[-79.396,-5.771],[-79.378,-5.771],[-77.039,-5.712],[-71.591,-4.608],[-64.411,1.025],[-71.41,-62.707],[-43.863,-92.79],[43.853,-92.79],[71.4,-62.707],[64.4,1.025],[64.413,1.01],[71.581,-4.608],[72.165,-4.803],[72.298,-4.842],[73.541,-5.181],[74.223,-5.329],[74.829,-5.441],[74.966,-5.467],[75.615,-5.564],[76.327,-5.648],[77.039,-5.712],[77.482,-5.742],[79.377,-5.771],[79.408,-5.771]],"c":true},"ix":2},"nm":"Path 1","mn":"ADBE Vector Shape - Group","hd":false},{"ty":"fl","c":{"a":0,"k":[0.992416082644,0.76966827991,0.595256850299,1],"ix":4},"o":{"a":0,"k":100,"ix":5},"r":1,"bm":0,"nm":"Fill 1","mn":"ADBE Vector Graphic - Fill","hd":false},{"ty":"tr","p":{"a":0,"k":[122.881,123.246],"ix":2},"a":{"a":0,"k":[0,0],"ix":1},"s":{"a":0,"k":[100,100],"ix":3},"r":{"a":0,"k":0,"ix":6},"o":{"a":0,"k":100,"ix":7},"sk":{"a":0,"k":0,"ix":4},"sa":{"a":0,"k":0,"ix":5},"nm":"Transform"}],"nm":"Group 32","np":2,"cix":2,"bm":0,"ix":32,"mn":"ADBE Vector Group","hd":false},{"ty":"gr","it":[{"ind":0,"ty":"sh","ix":1,"ks":{"a":0,"k":{"i":[[0,0],[0,0],[4.319,8.115],[9.42,0],[0,0]],"o":[[0,0],[2.073,-8.957],[-4.425,-8.315],[0,0],[0,0]],"v":[[0.585,44.552],[11.953,-4.565],[8.47,-31.041],[-14.026,-44.552],[1.28,-15.555]],"c":true},"ix":2},"nm":"Path 1","mn":"ADBE Vector Shape - Group","hd":false},{"ty":"fl","c":{"a":0,"k":[0.509001907648,0.334603672402,0.297618701411,1],"ix":4},"o":{"a":0,"k":100,"ix":5},"r":1,"bm":0,"nm":"Fill 1","mn":"ADBE Vector Graphic - Fill","hd":false},{"ty":"tr","p":{"a":0,"k":[186.921,79.719],"ix":2},"a":{"a":0,"k":[0,0],"ix":1},"s":{"a":0,"k":[100,100],"ix":3},"r":{"a":0,"k":0,"ix":6},"o":{"a":0,"k":100,"ix":7},"sk":{"a":0,"k":0,"ix":4},"sa":{"a":0,"k":0,"ix":5},"nm":"Transform"}],"nm":"Group 33","np":2,"cix":2,"bm":0,"ix":33,"mn":"ADBE Vector Group","hd":false},{"ty":"gr","it":[{"ind":0,"ty":"sh","ix":1,"ks":{"a":0,"k":{"i":[[-1.891,0.505],[28.738,0],[12.075,7.269],[-2.071,-0.45],[-0.106,-0.024],[-18.654,0],[-15.722,3.544],[0,0],[0,0]],"o":[[-10.685,8.671],[-25.782,0],[2.077,0.4],[0.105,0.021],[15.58,3.468],[18.885,0],[0,0],[0,0],[1.882,-0.529]],"v":[[62.236,-7.371],[-1.865,7.371],[-62.236,-4.783],[-56.013,-3.509],[-55.697,-3.442],[-3.845,1.981],[48.583,-3.567],[50.99,-4.245],[56.579,-5.82]],"c":true},"ix":2},"nm":"Path 1","mn":"ADBE Vector Shape - Group","hd":false},{"ty":"fl","c":{"a":0,"k":[0.011764706817,0.062745098039,0.086274509804,1],"ix":4},"o":{"a":0,"k":100,"ix":5},"r":1,"bm":0,"nm":"Fill 1","mn":"ADBE Vector Graphic - Fill","hd":false},{"ty":"tr","p":{"a":0,"k":[124.198,366.022],"ix":2},"a":{"a":0,"k":[0,0],"ix":1},"s":{"a":0,"k":[100,100],"ix":3},"r":{"a":0,"k":0,"ix":6},"o":{"a":0,"k":100,"ix":7},"sk":{"a":0,"k":0,"ix":4},"sa":{"a":0,"k":0,"ix":5},"nm":"Transform"}],"nm":"Group 34","np":2,"cix":2,"bm":0,"ix":34,"mn":"ADBE Vector Group","hd":false},{"ty":"gr","it":[{"ind":0,"ty":"sh","ix":1,"ks":{"a":0,"k":{"i":[[17.946,-17.41],[0,0],[0,0],[1.109,-0.834],[0,0],[12.884,6.74],[0,0],[0,0],[-5.799,-3.057],[-4.106,-1.046],[-11.509,5.645],[0,0],[-5.998,4.039],[-10.748,5.197],[0,0],[0,0]],"o":[[0,0],[0,0],[-1.185,0.715],[0,0],[-12.327,-7.713],[0,0],[0,0],[5.902,2.853],[3.748,1.976],[12.421,3.164],[0,0],[6.493,-3.184],[9.877,-6.652],[0,0],[0,0],[-21.802,12.245]],"v":[[12.261,18.773],[7.575,23.321],[22.132,32.116],[18.687,34.439],[-12.748,14.772],[-50.578,-6.915],[-87.346,-26.153],[-46.888,-6.593],[-29.335,2.272],[-17.512,6.819],[19.561,2.976],[19.976,2.772],[38.715,-8.105],[69.69,-25.902],[87.346,-34.439],[72.134,-25.897]],"c":true},"ix":2},"nm":"Path 1","mn":"ADBE Vector Shape - Group","hd":false},{"ty":"fl","c":{"a":0,"k":[0.011164936365,0.063599919338,0.086274509804,1],"ix":4},"o":{"a":0,"k":100,"ix":5},"r":1,"bm":0,"nm":"Fill 1","mn":"ADBE Vector Graphic - Fill","hd":false},{"ty":"tr","p":{"a":0,"k":[119.955,399.289],"ix":2},"a":{"a":0,"k":[0,0],"ix":1},"s":{"a":0,"k":[100,100],"ix":3},"r":{"a":0,"k":0,"ix":6},"o":{"a":0,"k":100,"ix":7},"sk":{"a":0,"k":0,"ix":4},"sa":{"a":0,"k":0,"ix":5},"nm":"Transform"}],"nm":"Group 35","np":2,"cix":2,"bm":0,"ix":35,"mn":"ADBE Vector Group","hd":false},{"ty":"gr","it":[{"ind":0,"ty":"sh","ix":1,"ks":{"a":0,"k":{"i":[[3.445,-7.009],[0.012,-0.026],[0,0],[2.407,-1.816],[0,0],[1.303,-0.952],[0,0],[26.475,-9.349],[3.032,-1.073],[2.389,-1.437],[1.111,-0.833],[0,0],[20.69,9.522],[0,0],[15.324,10.88],[0.096,0.067],[0.268,0.192],[1.116,1.022],[0.392,0.394],[-6.424,9.086],[-1.604,0.803],[-1.055,-0.032],[0,0],[0,0],[-3.882,-0.283],[-11.027,-2.133],[-2.071,-0.451],[-0.105,-0.024],[-18.654,0],[-15.722,3.544],[0,0],[0,0],[-1.89,0.505],[-9.48,1.902],[-5.169,0.853],[-3.134,-2.734],[-0.19,-0.199]],"o":[[-0.012,0.029],[0,0],[-1.341,2.699],[0,0],[-1.288,0.973],[0,0],[-22.633,16.522],[-4.429,1.566],[-2.639,0.928],[-1.184,0.716],[0,0],[-22.257,-4.835],[0,0],[-17.071,-7.856],[-0.097,-0.067],[-0.275,-0.195],[-1.248,-0.886],[-0.409,-0.377],[-7.844,-7.891],[1.312,-1.856],[0.943,-0.473],[0,0],[0,0],[3.895,0.122],[11.199,0.815],[2.077,0.4],[0.106,0.02],[15.581,3.469],[18.885,0],[0,0],[0,0],[1.882,-0.528],[9.343,-2.498],[5.136,-1.029],[4.108,-0.678],[0.24,0.211],[5.361,5.679]],"v":[[120.854,-23.404],[120.816,-23.322],[120.608,-22.904],[114.912,-16.036],[114.504,-15.726],[110.62,-12.839],[110.613,-12.839],[36.54,26.19],[25.097,30.234],[17.539,33.799],[14.094,36.12],[7.781,49.063],[-56.836,27.467],[-60.634,25.721],[-109.357,-2.406],[-109.646,-2.611],[-110.461,-3.192],[-114.008,-6.06],[-115.212,-7.218],[-117.874,-36.596],[-113.482,-40.792],[-110.441,-41.487],[-110.426,-41.487],[-107.622,-41.399],[-95.956,-40.789],[-62.585,-36.367],[-56.363,-35.091],[-56.047,-35.026],[-4.195,-29.602],[48.232,-35.151],[50.639,-35.828],[56.229,-37.404],[61.884,-38.955],[90.131,-45.56],[105.586,-48.385],[117.05,-45.193],[117.699,-44.576]],"c":true},"ix":2},"nm":"Path 1","mn":"ADBE Vector Shape - Group","hd":false},{"ty":"fl","c":{"a":0,"k":[0.027450980392,0.172549019608,0.235294117647,1],"ix":4},"o":{"a":0,"k":100,"ix":5},"r":1,"bm":0,"nm":"Fill 1","mn":"ADBE Vector Graphic - Fill","hd":false},{"ty":"tr","p":{"a":0,"k":[124.548,397.605],"ix":2},"a":{"a":0,"k":[0,0],"ix":1},"s":{"a":0,"k":[100,100],"ix":3},"r":{"a":0,"k":0,"ix":6},"o":{"a":0,"k":100,"ix":7},"sk":{"a":0,"k":0,"ix":4},"sa":{"a":0,"k":0,"ix":5},"nm":"Transform"}],"nm":"Group 36","np":2,"cix":2,"bm":0,"ix":36,"mn":"ADBE Vector Group","hd":false},{"ty":"gr","it":[{"ind":0,"ty":"sh","ix":1,"ks":{"a":0,"k":{"i":[[5.568,0.087],[-0.499,-0.189],[-1.507,0],[-7.745,2.333],[0,0],[0,0],[8.081,-2.26]],"o":[[0.471,0.254],[1.387,0.525],[8.09,0],[0,0],[0,0],[-5.672,4.501],[-5.953,1.665]],"v":[[-20.872,5.641],[-19.414,6.306],[-15.039,7.108],[8.842,3.589],[20.872,-0.034],[17.421,-7.108],[-3.45,3.324]],"c":true},"ix":2},"nm":"Path 1","mn":"ADBE Vector Shape - Group","hd":false},{"ty":"fl","c":{"a":0,"k":[0.970616718367,0.684361237171,0.494784067191,1],"ix":4},"o":{"a":0,"k":100,"ix":5},"r":1,"bm":0,"nm":"Fill 1","mn":"ADBE Vector Graphic - Fill","hd":false},{"ty":"tr","p":{"a":0,"k":[99.083,441.812],"ix":2},"a":{"a":0,"k":[0,0],"ix":1},"s":{"a":0,"k":[100,100],"ix":3},"r":{"a":0,"k":0,"ix":6},"o":{"a":0,"k":100,"ix":7},"sk":{"a":0,"k":0,"ix":4},"sa":{"a":0,"k":0,"ix":5},"nm":"Transform"}],"nm":"Group 37","np":2,"cix":2,"bm":0,"ix":37,"mn":"ADBE Vector Group","hd":false},{"ty":"gr","it":[{"ind":0,"ty":"sh","ix":1,"ks":{"a":0,"k":{"i":[[0,0],[0,0],[8.089,0],[2.257,2],[0.625,2.339],[0,0],[-2.553,-0.097],[0,0]],"o":[[0,0],[-7.746,2.333],[-3.015,0],[-1.812,-1.606],[0,0],[-0.659,-2.468],[0,0],[0,0]],"v":[[24.77,1.835],[12.74,5.46],[-11.141,8.978],[-19.323,5.874],[-23.06,-0.174],[-24.111,-4.111],[-20.299,-8.882],[20.304,-7.317]],"c":true},"ix":2},"nm":"Path 1","mn":"ADBE Vector Shape - Group","hd":false},{"ty":"fl","c":{"a":0,"k":[0.992416082644,0.76966827991,0.595256850299,1],"ix":4},"o":{"a":0,"k":100,"ix":5},"r":1,"bm":0,"nm":"Fill 1","mn":"ADBE Vector Graphic - Fill","hd":false},{"ty":"tr","p":{"a":0,"k":[95.186,439.941],"ix":2},"a":{"a":0,"k":[0,0],"ix":1},"s":{"a":0,"k":[100,100],"ix":3},"r":{"a":0,"k":0,"ix":6},"o":{"a":0,"k":100,"ix":7},"sk":{"a":0,"k":0,"ix":4},"sa":{"a":0,"k":0,"ix":5},"nm":"Transform"}],"nm":"Group 38","np":2,"cix":2,"bm":0,"ix":38,"mn":"ADBE Vector Group","hd":false},{"ty":"gr","it":[{"ind":0,"ty":"sh","ix":1,"ks":{"a":0,"k":{"i":[[-5.66,0.088],[0.506,-0.193],[1.534,0],[7.873,2.371],[0,0],[0,0],[-8.215,-2.297]],"o":[[-0.479,0.259],[-1.411,0.535],[-8.222,0],[0,0],[0,0],[5.766,4.576],[6.052,1.692]],"v":[[21.218,5.734],[19.735,6.411],[15.286,7.226],[-8.989,3.649],[-21.218,-0.034],[-17.709,-7.226],[3.506,3.38]],"c":true},"ix":2},"nm":"Path 1","mn":"ADBE Vector Shape - Group","hd":false},{"ty":"fl","c":{"a":0,"k":[0.970616718367,0.684361237171,0.494784067191,1],"ix":4},"o":{"a":0,"k":100,"ix":5},"r":1,"bm":0,"nm":"Fill 1","mn":"ADBE Vector Graphic - Fill","hd":false},{"ty":"tr","p":{"a":0,"k":[153.055,444.021],"ix":2},"a":{"a":0,"k":[0,0],"ix":1},"s":{"a":0,"k":[100,100],"ix":3},"r":{"a":0,"k":0,"ix":6},"o":{"a":0,"k":100,"ix":7},"sk":{"a":0,"k":0,"ix":4},"sa":{"a":0,"k":0,"ix":5},"nm":"Transform"}],"nm":"Group 39","np":2,"cix":2,"bm":0,"ix":39,"mn":"ADBE Vector Group","hd":false},{"ty":"gr","it":[{"ind":0,"ty":"sh","ix":1,"ks":{"a":0,"k":{"i":[[0,0],[0,0],[-8.224,0],[-2.294,2.034],[-0.636,2.378],[0,0],[2.594,-0.099],[0,0]],"o":[[0,0],[7.874,2.372],[3.065,0],[1.842,-1.631],[0,0],[0.67,-2.509],[0,0],[0,0]],"v":[[-25.179,1.866],[-12.951,5.55],[11.325,9.127],[19.642,5.971],[23.441,-0.177],[24.509,-4.178],[20.635,-9.028],[-20.641,-7.439]],"c":true},"ix":2},"nm":"Path 1","mn":"ADBE Vector Shape - Group","hd":false},{"ty":"fl","c":{"a":0,"k":[0.992416082644,0.76966827991,0.595256850299,1],"ix":4},"o":{"a":0,"k":100,"ix":5},"r":1,"bm":0,"nm":"Fill 1","mn":"ADBE Vector Graphic - Fill","hd":false},{"ty":"tr","p":{"a":0,"k":[157.016,442.12],"ix":2},"a":{"a":0,"k":[0,0],"ix":1},"s":{"a":0,"k":[100,100],"ix":3},"r":{"a":0,"k":0,"ix":6},"o":{"a":0,"k":100,"ix":7},"sk":{"a":0,"k":0,"ix":4},"sa":{"a":0,"k":0,"ix":5},"nm":"Transform"}],"nm":"Group 40","np":2,"cix":2,"bm":0,"ix":40,"mn":"ADBE Vector Group","hd":false}],"ip":0,"op":150.000006109625,"st":0,"bm":0},{"ddd":0,"ind":5,"ty":4,"nm":"shadow Outlines","sr":1,"ks":{"o":{"a":0,"k":100,"ix":11},"r":{"a":0,"k":0,"ix":10},"p":{"a":0,"k":[258.925,399.178,0],"ix":2,"l":2},"a":{"a":0,"k":[106.773,7.501,0],"ix":1,"l":2},"s":{"a":1,"k":[{"i":{"x":[0.667,0.667,0.667],"y":[1,1,1]},"o":{"x":[0.333,0.333,0.333],"y":[0,0,0]},"t":0,"s":[50,50,100]},{"i":{"x":[0.667,0.667,0.667],"y":[1,1,1]},"o":{"x":[0.333,0.333,0.333],"y":[0,0,0]},"t":60,"s":[41,41,100]},{"t":120.0000048877,"s":[50,50,100]}],"ix":6,"l":2}},"ao":0,"shapes":[{"ty":"gr","it":[{"ind":0,"ty":"sh","ix":1,"ks":{"a":0,"k":{"i":[[0,-4.005],[58.831,0],[0,4.004],[-58.831,0]],"o":[[0,4.004],[-58.831,0],[0,-4.005],[58.831,0]],"v":[[106.523,0],[0,7.251],[-106.523,0],[0,-7.251]],"c":true},"ix":2},"nm":"Path 1","mn":"ADBE Vector Shape - Group","hd":false},{"ty":"fl","c":{"a":0,"k":[0.460660089231,0.505214377011,0.505214377011,1],"ix":4},"o":{"a":0,"k":100,"ix":5},"r":1,"bm":0,"nm":"Fill 1","mn":"ADBE Vector Graphic - Fill","hd":false},{"ty":"tr","p":{"a":0,"k":[106.773,7.501],"ix":2},"a":{"a":0,"k":[0,0],"ix":1},"s":{"a":0,"k":[100,100],"ix":3},"r":{"a":0,"k":0,"ix":6},"o":{"a":0,"k":100,"ix":7},"sk":{"a":0,"k":0,"ix":4},"sa":{"a":0,"k":0,"ix":5},"nm":"Transform"}],"nm":"Group 1","np":2,"cix":2,"bm":0,"ix":1,"mn":"ADBE Vector Group","hd":false}],"ip":0,"op":150.000006109625,"st":0,"bm":0}]}],"layers":[{"ddd":0,"ind":1,"ty":0,"nm":"meditating man 2","refId":"comp_0","sr":1,"ks":{"o":{"a":0,"k":100,"ix":11},"r":{"a":0,"k":0,"ix":10},"p":{"a":0,"k":[260,276,0],"ix":2,"l":2},"a":{"a":0,"k":[260,260,0],"ix":1,"l":2},"s":{"a":0,"k":[151,151,100],"ix":6,"l":2}},"ao":0,"w":520,"h":520,"ip":0,"op":150.000006109625,"st":0,"bm":0}],"markers":[]}